-- MySQL dump 10.13  Distrib 8.0.21, for Win64 (x86_64)
--
-- Host: localhost    Database: laptop
-- ------------------------------------------------------
-- Server version	8.0.21

/*!40101 SET @OLD_CHARACTER_SET_CLIENT=@@CHARACTER_SET_CLIENT */;
/*!40101 SET @OLD_CHARACTER_SET_RESULTS=@@CHARACTER_SET_RESULTS */;
/*!40101 SET @OLD_COLLATION_CONNECTION=@@COLLATION_CONNECTION */;
/*!50503 SET NAMES utf8 */;
/*!40103 SET @OLD_TIME_ZONE=@@TIME_ZONE */;
/*!40103 SET TIME_ZONE='+00:00' */;
/*!40014 SET @OLD_UNIQUE_CHECKS=@@UNIQUE_CHECKS, UNIQUE_CHECKS=0 */;
/*!40014 SET @OLD_FOREIGN_KEY_CHECKS=@@FOREIGN_KEY_CHECKS, FOREIGN_KEY_CHECKS=0 */;
/*!40101 SET @OLD_SQL_MODE=@@SQL_MODE, SQL_MODE='NO_AUTO_VALUE_ON_ZERO' */;
/*!40111 SET @OLD_SQL_NOTES=@@SQL_NOTES, SQL_NOTES=0 */;

--
-- Table structure for table `connectivitytype`
--

DROP TABLE IF EXISTS `connectivitytype`;
/*!40101 SET @saved_cs_client     = @@character_set_client */;
/*!50503 SET character_set_client = utf8mb4 */;
CREATE TABLE `connectivitytype` (
  `idConnectivityType` int NOT NULL,
  `connectivityTypeName` varchar(45) DEFAULT NULL,
  PRIMARY KEY (`idConnectivityType`)
) ENGINE=InnoDB DEFAULT CHARSET=utf8;
/*!40101 SET character_set_client = @saved_cs_client */;

--
-- Dumping data for table `connectivitytype`
--

LOCK TABLES `connectivitytype` WRITE;
/*!40000 ALTER TABLE `connectivitytype` DISABLE KEYS */;
INSERT INTO `connectivitytype` VALUES (1,'Wi-Fi'),(2,'Bluetooth');
/*!40000 ALTER TABLE `connectivitytype` ENABLE KEYS */;
UNLOCK TABLES;

--
-- Temporary view structure for view `findingwirelesstype`
--

DROP TABLE IF EXISTS `findingwirelesstype`;
/*!50001 DROP VIEW IF EXISTS `findingwirelesstype`*/;
SET @saved_cs_client     = @@character_set_client;
/*!50503 SET character_set_client = utf8mb4 */;
/*!50001 CREATE VIEW `findingwirelesstype` AS SELECT 
 1 AS `Laptop_idLaptop`,
 1 AS `name`*/;
SET character_set_client = @saved_cs_client;

--
-- Table structure for table `graphics`
--

DROP TABLE IF EXISTS `graphics`;
/*!40101 SET @saved_cs_client     = @@character_set_client */;
/*!50503 SET character_set_client = utf8mb4 */;
CREATE TABLE `graphics` (
  `idGraphics` int NOT NULL,
  `graphicsCoprocessor` varchar(255) DEFAULT NULL,
  `graphicsChipsetBrand` varchar(255) DEFAULT NULL,
  `graphicsCardRamSize` int DEFAULT NULL,
  PRIMARY KEY (`idGraphics`)
) ENGINE=InnoDB DEFAULT CHARSET=utf8;
/*!40101 SET character_set_client = @saved_cs_client */;

--
-- Dumping data for table `graphics`
--

LOCK TABLES `graphics` WRITE;
/*!40000 ALTER TABLE `graphics` DISABLE KEYS */;
INSERT INTO `graphics` VALUES (1,'AMDRadeonR4','BatteryPowered',220),(2,'INTEGRATEDGFX','BatteryPowered',NULL),(3,'IntelHD','BatteryPowered',NULL),(4,'AMDRadeonR3','',NULL),(5,'INTEGRATEDGFX','BatteryPowered',NULL),(6,'AMDRadeonR4','',NULL),(7,'AMDIntegratedgraphics','',NULL),(8,'Integrated','',NULL),(9,'IntelHDGraphics620','BatteryPowered',NULL),(10,'IntelHDGraphics620','BatteryPowered',NULL),(11,'INTEGRATEDGRAPHICS','',NULL),(12,'NVIDIAGeForceGTX1650','BatteryPowered',220),(13,'NVIDIAGeForceMX250GDDR5','BatteryPowered',NULL),(14,'IntelUHDGraphics600','BatteryPowered',NULL),(15,'IntelUHD','BatteryPowered',NULL),(16,'IntegratedGraphics','',NULL),(17,'IntegratedGraphics','',NULL),(18,'IntelUHD610','',NULL),(19,'IntelHDGraphics','BatteryPowered',NULL),(20,'IntelHDGraphics615','BatteryPowered',NULL),(21,'IntelUHD620','BatteryPowered',NULL),(22,'IntelUHDGraphics620','BatteryPowered',NULL),(23,'IntelUHDGraphics','',NULL),(24,'IntelIntegratedUHD620','',NULL),(25,'AMDRADEONRX560X','',NULL),(26,'2AMDRadeon520','BatteryPowered',NULL),(27,'IntelHDGraphics','BatteryPowered',NULL),(28,'AMDRadeonR5','BatteryPowered',220),(29,'IntelIntegrated','BatteryPowered',NULL),(30,'AMDRadeon520Graphics2GDDR5','',NULL),(31,'NVIDIAMX250','BatteryPowered',NULL),(32,'IntelUHD 620','',NULL),(33,'IntelUHDGraphics','',NULL),(34,'RadeonR4IntegratedGraphics','BatteryPowered',NULL),(35,'AMDRadeonR7graphics','BatteryPowered',NULL),(36,'IntegratedGFX','',NULL),(37,'IntelUHD620','',NULL),(38,'NVIDIAGeForceGTX1080','',NULL),(39,'AMDintegratedRadeonR7graphics','BatteryPowered',NULL),(40,'IntegratedIntelUHDGraphics620','BatteryPowered',NULL),(41,'IntelGraphics','',220),(42,'IntelUHDGraphics620','',NULL),(43,'IntelUHDGraphics','',NULL),(44,'NVIDIAGeForceGTX1650','BatteryPowered',NULL),(45,'AMDRadeonR3 ','',NULL),(46,'IntelUHD','',NULL),(47,'AMDRadeonVega8Graphics','BatteryPowered',NULL),(48,'nvidia','',NULL),(49,'Intel®UHDGraphics620','',NULL),(50,'IntelIntegratedHDGraphics610','',NULL),(51,'AMDRadeonGraphics530','BatteryPowered',NULL),(52,'NVIDIA GeForce GTX 1650 Ti','',NULL),(53,'IntelUHD620','BatteryPowered',NULL),(54,'NVIDIAMX250','',NULL),(55,'NVIDIAGeForceMX230','BatteryPowered',220),(56,'NVIDIAMX230','BatteryPowered',NULL),(57,'Nvidia','BatteryPowered',NULL),(58,'NVIDIAGeForceGTX1050','BatteryPowered',NULL),(59,'GeForce®RTX2070','BatteryPowered',NULL),(60,'IntelUHDGraphics620','BatteryPowered',220),(61,'AMD','',NULL),(62,'NVIDIAGeForceRTX2060','BatteryPowered',NULL),(63,'AMDRadeonVega3','',NULL),(64,'RadeonVega8Graphics','BatteryPowered',NULL),(65,'NVIDIAGEFORCEGTX1650GDDR5','BatteryPowered',NULL),(66,'RTX2070','',NULL),(67,'RadeonVega3','BatteryPowered',NULL),(68,'NVIDIAGeForceGTX1050','',NULL),(69,'NVIDIAGeForceGTX1650with4ofdedicatedGDDR5VRAM','BatteryPowered',NULL),(70,'Radeon','BatteryPowered',NULL),(71,'Intel®HDGraphics','BatteryPowered',NULL),(72,'integrated','BatteryPowered',NULL),(73,'IntelIrisPlusGraphics','BatteryPowered',220),(74,'NVIDIAMX230GDDR5','BatteryPowered',NULL),(75,'Vega3Graphics','BatteryPowered',NULL),(76,'NVIDIAGTX1660Ti','BatteryPowered',NULL),(77,'IntegratedAMDRadeonGraphics','BatteryPowered',NULL),(78,'Intel®HDGraphics500','',NULL),(79,'IntelHDgraphics','',NULL),(80,'AMDRadeonVega3Mobile','BatteryPowered',NULL),(81,'NVIDIAGeForceGTX1050','',NULL),(82,'MicrosoftSQ1Adreno685GPU','BatteryPowered',NULL),(83,'NVIDIAGeForceGTX1660Tiwith6ofdedicatedGDDR6VRAM','BatteryPowered',220),(84,'NVIDIAGeForceMX130','',NULL),(85,'','',NULL),(86,'RTX2060','',NULL),(87,'AMDRadeonGraphics530','',NULL),(88,'RadeonRXVega10','',NULL),(89,'NVIDIAGeForceGTX1050','BatteryPowered',NULL),(90,'IntelHDGraphics500','BatteryPowered',NULL),(91,'NVIDIAGEFORCEGTX1050(3GDDR5)','BatteryPowered',NULL),(92,'AMDRadeonGraphics530','BatteryPowered',NULL),(93,'NVIDIAGeForceMX230','BatteryPowered',NULL),(94,'Intel','BatteryPowered',NULL),(95,'NvidiaGeForceGTX1660Ti6','BatteryPowered',220),(96,'AMDRADEON','BatteryPowered',NULL),(97,'NVIDIAQuadroRTX5000','',NULL),(98,'','',NULL),(99,'NVIDIAGTX1650','',NULL),(100,'radeon','BatteryPowered',NULL),(101,'NVIDIAGeForceMX250','BatteryPowered',NULL),(102,'AMDRadeonVega8','BatteryPowered',NULL),(103,'Intelgraphics','BatteryPowered',NULL),(104,'GTX1660Ti','BatteryPowered',NULL),(105,'NVIDIAGeForceGTX1050Tiwith4ofdedicatedGDDR5VRAM','BatteryPowered',NULL),(106,'AMDRadeonVega','BatteryPowered',NULL),(107,'IntelIntegratedGraphics','',NULL),(108,'MX250G532B','BatteryPowered',NULL),(109,'IntelHDGraphics3000','BatteryPowered',220),(110,'IntegratedIntelUHDGraphics','',NULL),(111,'INTELHDGRAPHICS','BatteryPowered',NULL),(112,'NVIDIAGeForceGTX1660Ti','',NULL),(113,'2NVIDIAGeforce','',NULL),(114,'NVIDIAGeForceMX150','',NULL),(115,'AMDIntegratedRadeonVega8','',NULL),(116,'MX250','',NULL),(117,'IntelUHDGraphics','BatteryPowered',NULL),(118,'IntelHDGraphics620','',NULL),(119,'NVIDIAGeForceMX250','',NULL),(120,'Nvidia','BatteryPowered',NULL),(121,'NVIDIAGeForceMX110','',NULL),(122,'NVIDIA','',NULL),(123,'AMDRadeonRX550','',NULL),(124,'IntelHD520','',NULL),(125,'AMDRadeonVega9GraphicsMicrosoftSurfaceEdition','',NULL),(126,'NVIDIAGeForceRTX2080','BatteryPowered',NULL),(127,'NVIDIAGeForceGTX1660TiMax-Q','',NULL),(128,'NVIDIAGeForceMX150','BatteryPowered',NULL),(129,'N/A','',NULL),(130,'MX250Graphics','BatteryPowered',220),(131,'AMDRadeon','',NULL),(132,'NVIDIA2080','BatteryPowered',NULL),(133,'NVIDIAGeForceMX2502','',NULL),(134,'NVIDIAGeForceGTX1060','',NULL),(135,'NVIDIAGEFORCEGTX1650(4GDDR5)','BatteryPowered',NULL),(136,'IntelUHD ','',NULL),(137,'IntelHDGraphics615','',NULL),(138,'IntelUHDGraphics610','BatteryPowered',NULL),(139,'Intel®HDGraphics400','',NULL),(140,'AMDGRAPHICS','BatteryPowered',NULL),(141,'intelhdgraphics','BatteryPowered',NULL),(142,'NVIDIAGeForceGTX1050','',NULL),(143,'AMDIntegratedRadeonVega8','BatteryPowered',NULL),(144,'NVIDIARTX20606','BatteryPowered',NULL),(145,'IntelUHDGraphics','BatteryPowered',220),(146,'AMDRadeonVega8MobileGraphics','BatteryPowered',NULL),(147,'Intel®HDGraphics505','',NULL),(148,'RadeonVega3Graphics','BatteryPowered',NULL),(149,'AMDRadeonR4','',NULL),(150,'Intel_HD','',NULL);
/*!40000 ALTER TABLE `graphics` ENABLE KEYS */;
UNLOCK TABLES;

--
-- Table structure for table `hardware`
--

DROP TABLE IF EXISTS `hardware`;
/*!40101 SET @saved_cs_client     = @@character_set_client */;
/*!50503 SET character_set_client = utf8mb4 */;
CREATE TABLE `hardware` (
  `idHardware` int NOT NULL,
  `batteries` varchar(255) DEFAULT NULL,
  `powerSource` varchar(255) DEFAULT NULL,
  `voltage` int DEFAULT NULL,
  `speakerDescription` varchar(255) DEFAULT NULL,
  PRIMARY KEY (`idHardware`)
) ENGINE=InnoDB DEFAULT CHARSET=utf8;
/*!40101 SET character_set_client = @saved_cs_client */;

--
-- Dumping data for table `hardware`
--

LOCK TABLES `hardware` WRITE;
/*!40000 ALTER TABLE `hardware` DISABLE KEYS */;
INSERT INTO `hardware` VALUES (1,'LithiumPolymerbatteries','BatteryPowered',220,'Twobuilt-inspeakers'),(2,'LithiumPolymerbatteries','BatteryPowered',NULL,'SpeakerwithDolbyAudio'),(3,'Lithiumionbatteries','BatteryPowered',NULL,'WavesMaxxAudioPro'),(4,'Lithiumionbatteries','',NULL,''),(5,'LithiumPolymerbatteries','BatteryPowered',NULL,'SpeakerswithDolbyAudio'),(6,'Lithiumionbatteries','',NULL,'IntegratedStereoSpeakers'),(7,'Lithiumionbatteries','',NULL,'StereospeakerswithDolbyAudio'),(8,'LithiumPolymerbatteries','',NULL,'DualSpeakerswithDolbyAudio'),(9,'Abatteries','',NULL,'IntegratedStereoSpeakers'),(10,'Lithiumionbatteries','BatteryPowered',NULL,''),(11,'LithiumPolymerbatteries','',NULL,'FrontFacingDolbyAtmosSpeakers'),(12,'Lithiumionbatteries','BatteryPowered',220,'WavesMaxxAudio'),(13,'LithiumPolymerbatteries','BatteryPowered',NULL,'BangOlufsenspeakers'),(14,'LithiumPolymerbatteries','BatteryPowered',NULL,''),(15,'LithiumPolymerbatteries','',NULL,''),(16,'Lithiumionbatteries','',NULL,'Dualspeakers'),(17,'Lithiumionbatteries','BatteryPowered',NULL,'WavesMaxxAudio'),(18,'Lithiumionbatteries','BatteryPowered',NULL,'StereospeakerswithDolbyAudioPremium'),(19,'Lithiumionbatteries','',NULL,'BangOlufsenspeakers'),(20,'Lithiumionbatteries','',NULL,'inspeakerinmicrophone'),(21,'Lithiumionbatteries','BatteryPowered',220,'instereospeaker'),(22,'LithiumPolymerbatteries','BatteryPowered',NULL,'Built-inspeaker'),(23,'','',NULL,'speakerswithWavesMaxxAudioPro'),(24,'LithiumPolymerbatteries','',NULL,'DualSpeakers,withDolbyAudio'),(25,'Lithiumionbatteries','',NULL,'DualSpeakers'),(26,'LithiumMetalbatteries','BatteryPowered',NULL,'StereoSpeakerswithMicrophone'),(27,'Lithiumionbatteries','',NULL,'StereoSpeakerswithMicrophone'),(28,'Abatteries','',NULL,'SpeakerswithDolbyAudio'),(29,'Lithiumionbatteries','',NULL,'DualSpeaker'),(30,'Lithiumionbatteries','BatteryPowered',NULL,'StereoSpeakerswithMicrophone'),(31,'Lithiumionbatteries','',220,'2'),(32,'LithiumPolymerbatteries','',NULL,'StereoSpeakerswithMicrophone'),(33,'Lithiumionbatteries','BatteryPowered',NULL,'BangOlufsenspeakers'),(34,'Lithiumionbatteries','',NULL,'DolbyAdvancedAudio'),(35,'Lithiumionbatteries','',NULL,'stereospeakers'),(36,'LithiumPolymerbatteries','',NULL,'SpeakerwithDolbyAudio'),(37,'Lithiumionbatteries','',NULL,'Dolbystereospeakers'),(38,'LithiumPolymerbatteries','BatteryPowered',NULL,'StereoSpeakerswithMicrophone'),(39,'Lithiumionbatteries','BatteryPowered',NULL,'instereospeaker'),(40,'LithiumPolymerbatteries','',NULL,'SpeakerswithDolbyAudio'),(41,'','',NULL,''),(42,'Lithiumionbatteries','BatteryPowered',NULL,'Dualspeakers'),(43,'LithiumMetalbatteries','BatteryPowered',NULL,'BangOlufsenspeakers'),(44,'LithiumPolymerbatteries','',NULL,'inarraymicrophone'),(45,'Lithiumionbatteries','BatteryPowered',NULL,'DualSpeaker'),(46,'Lithiumionbatteries','BatteryPowered',220,'indigitalstereospeakers'),(47,'Lithiumionbatteries','',NULL,'AcerTrueHarmonytechnology'),(48,'LithiumPolymerbatteries','',NULL,'DolbyAdvancedAudio'),(49,'LithiumPolymerbatteries','BatteryPowered',NULL,'WavesMaxxAudioPro'),(50,'Lithiumionbatteries','',NULL,'DolbyAudioPremium'),(51,'LithiumPolymerbatteries','BatteryPowered',NULL,'ASUSSonicMasterTechnology'),(52,'Lithiumionbatteries','BatteryPowered',220,'inspeakers'),(53,'LithiumPolymerbatteries','',NULL,'Dualspeakers'),(54,'LithiumPolymerbatteries','',NULL,'DualspeakersDolbyAdvancedAudio'),(55,'LithiumPolymerbatteries','BatteryPowered',NULL,'AudiobyICEpower'),(56,'','BatteryPowered',NULL,''),(57,'LithiumPolymerbatteries','BatteryPowered',NULL,'Dualspeakers'),(58,'LithiumPolymerbatteries','BatteryPowered',NULL,'HarmanSpeakerswithDolbyAudio'),(59,'LithiumPolymerbatteries','',NULL,'speakers'),(60,'Lithiumionbatteries','',NULL,'Speaker'),(61,'Lithiumionbatteries','BatteryPowered',NULL,'WavesMaxxAudiosoundtechnology'),(62,'Abatteries','BatteryPowered',NULL,''),(63,'Lithiumionbatteries','BatteryPowered',NULL,'StereoSpeakers'),(64,'Lithiumionbatteries','BatteryPowered',220,'Builtinspeakers'),(65,'LithiumPolymerbatteries','',NULL,'SpeakersDolbyAudio'),(66,'LithiumPolymerbatteries','BatteryPowered',NULL,'DualHarmanSpeakerswithDolbyAtmos'),(67,'','BatteryPowered',NULL,'DualfarfieldstudioMics'),(68,'Lithiumionbatteries','BatteryPowered',220,''),(69,'AAAbatteries,','',NULL,''),(70,'LithiumPolymerbatteries','BatteryPowered',NULL,'DobyICEpower'),(71,'Abatteries','',NULL,''),(72,'','BatteryPowered',220,''),(73,'LithiumPolymerbatteries','BatteryPowered',NULL,'BuiltinspeakerSonicMaster'),(74,'LithiumPolymerbatteries','BatteryPowered',NULL,'DualSpeakerswithDolbyAudio'),(75,'Lithiumionbatteries','BatteryPowered',NULL,'Built-inspeaker'),(76,'Abatteries','',NULL,'DualspeakersDolbyAdvancedAudio'),(77,'Lithiumionbatteries','BatteryPowered',NULL,'DualspeakersDolbyAdvancedAudio'),(78,'AAAbatteries','BatteryPowered',NULL,''),(79,'Lithiumionbatteries','BatteryPowered',NULL,'OptimizedDolbyAudioPremiumsoundenhancement'),(80,'Abatteries','BatteryPowered',NULL,'Dualspeakers'),(81,'LithiumPolymerbatteries','',NULL,'Built-inarraymicrophone'),(82,'Lithiumionbatteries','BatteryPowered',220,''),(83,'Lithiumionbatteries','',NULL,'DualspeakersDolbyAdvancedAudio'),(84,'LithiumPolymerbatteries','',NULL,'Built-inspeaker'),(85,'Lithiumionbatteries','BatteryPowered',220,'Built-inspeakers'),(86,'LithiumPolymerbatteries','BatteryPowered',NULL,'SpeakerDTSsoftware'),(87,'LithiumPolymerbatteries','',NULL,'DualSpeakerWithDolbyAudio'),(88,'Lithiumionbatteries','BatteryPowered',220,'Twobuilt-instereospeakers'),(89,'LithiumPolymerbatteries','',NULL,'Built-inspeakerandmicrophone'),(90,'LithiumPolymerbatteries','',NULL,'ASUSSonicMasterTechnology'),(91,'LithiumPolymerbatteries,','BatteryPowered',NULL,''),(92,'','BatteryPowered',NULL,''),(93,'LithiumPolymerbatteries','BatteryPowered',NULL,'DualSpeaker2X1,5'),(94,'','',220,''),(95,'Lithiumionbatteries','',NULL,'BangOlufsenSpeakers'),(96,'LithiumPolymerbatteries','BatteryPowered',NULL,'StereoSpeakerswithDigitalArrayMicrophone'),(97,'Abatteries,','',NULL,''),(98,'','',NULL,'OmnisonicSpeakerswithDolbyAudioTM'),(99,'LithiumPolymerbatteries','',NULL,'DolbyAudiospeakers'),(100,'Lithiumionbatteries','',NULL,'withSmartAmp'),(101,'Lithiumionbatteries','BatteryPowered',NULL,'DolbyAudioTMspeakers'),(102,'LithiumPolymerbatteries','',NULL,'DualSpeakers'),(103,'Lithiumionbatteries','BatteryPowered',NULL,'Klipsch'),(104,'Lithiumionbatteries','',NULL,'HarmanSpeakerswithDolbyAudio'),(105,'Lithiumionbatteries','',NULL,'WavesMaxxAudio'),(106,'Lithiumionbatteries','',NULL,'Dualstereospeakers'),(107,'Lithiumionbatteries','BatteryPowered',NULL,'DualSpeakers'),(108,'LithiumPolymerbatteries,','AC',230,''),(109,'Lithiumionbatteries','BatteryPowered',NULL,'Twobuilt-instereospeakers'),(110,'Lithiumionbatteries','',NULL,'Twobuilt-instereospeakers'),(111,'LithiumMetalbatteries','',NULL,'Built-inspeaker');
/*!40000 ALTER TABLE `hardware` ENABLE KEYS */;
UNLOCK TABLES;

--
-- Table structure for table `hardware_has_connectivitytype`
--

DROP TABLE IF EXISTS `hardware_has_connectivitytype`;
/*!40101 SET @saved_cs_client     = @@character_set_client */;
/*!50503 SET character_set_client = utf8mb4 */;
CREATE TABLE `hardware_has_connectivitytype` (
  `Hardware_idHardware` int NOT NULL,
  `connectivityType_id` int NOT NULL,
  PRIMARY KEY (`Hardware_idHardware`,`connectivityType_id`),
  KEY `fk_Hardware_has_connectivityType_connectivityType1_idx` (`connectivityType_id`),
  KEY `fk_Hardware_has_connectivityType_Hardware1_idx` (`Hardware_idHardware`),
  CONSTRAINT `fk_Hardware_has_connectivityType_connectivityType1` FOREIGN KEY (`connectivityType_id`) REFERENCES `connectivitytype` (`idConnectivityType`),
  CONSTRAINT `fk_Hardware_has_connectivityType_Hardware1` FOREIGN KEY (`Hardware_idHardware`) REFERENCES `hardware` (`idHardware`)
) ENGINE=InnoDB DEFAULT CHARSET=utf8;
/*!40101 SET character_set_client = @saved_cs_client */;

--
-- Dumping data for table `hardware_has_connectivitytype`
--

LOCK TABLES `hardware_has_connectivitytype` WRITE;
/*!40000 ALTER TABLE `hardware_has_connectivitytype` DISABLE KEYS */;
INSERT INTO `hardware_has_connectivitytype` VALUES (3,1),(4,1),(5,1),(7,1),(10,1),(12,1),(13,1),(14,1),(16,1),(17,1),(18,1),(19,1),(20,1),(21,1),(22,1),(23,1),(25,1),(26,1),(27,1),(28,1),(29,1),(30,1),(31,1),(32,1),(33,1),(35,1),(37,1),(38,1),(39,1),(41,1),(42,1),(43,1),(44,1),(45,1),(46,1),(47,1),(48,1),(49,1),(50,1),(51,1),(52,1),(53,1),(54,1),(55,1),(57,1),(59,1),(60,1),(61,1),(62,1),(63,1),(64,1),(67,1),(70,1),(71,1),(72,1),(73,1),(75,1),(76,1),(77,1),(79,1),(80,1),(81,1),(82,1),(83,1),(84,1),(85,1),(86,1),(88,1),(89,1),(90,1),(91,1),(93,1),(94,1),(95,1),(96,1),(99,1),(100,1),(101,1),(102,1),(103,1),(104,1),(106,1),(107,1),(109,1),(110,1),(111,1),(3,2),(4,2),(5,2),(7,2),(10,2),(12,2),(13,2),(14,2),(16,2),(18,2),(19,2),(20,2),(21,2),(22,2),(23,2),(25,2),(26,2),(27,2),(29,2),(30,2),(31,2),(32,2),(33,2),(35,2),(37,2),(38,2),(39,2),(41,2),(42,2),(43,2),(44,2),(45,2),(46,2),(47,2),(48,2),(49,2),(50,2),(51,2),(52,2),(53,2),(54,2),(55,2),(57,2),(59,2),(60,2),(61,2),(62,2),(64,2),(70,2),(72,2),(73,2),(75,2),(76,2),(77,2),(79,2),(80,2),(81,2),(83,2),(84,2),(85,2),(86,2),(88,2),(89,2),(90,2),(91,2),(93,2),(94,2),(95,2),(96,2),(99,2),(100,2),(101,2),(102,2),(103,2),(104,2),(106,2),(107,2),(109,2),(110,2),(111,2);
/*!40000 ALTER TABLE `hardware_has_connectivitytype` ENABLE KEYS */;
UNLOCK TABLES;

--
-- Table structure for table `hardware_has_graphics`
--

DROP TABLE IF EXISTS `hardware_has_graphics`;
/*!40101 SET @saved_cs_client     = @@character_set_client */;
/*!50503 SET character_set_client = utf8mb4 */;
CREATE TABLE `hardware_has_graphics` (
  `Hardware_idHardware` int NOT NULL,
  `Graphics_idGraphics` int NOT NULL,
  PRIMARY KEY (`Hardware_idHardware`,`Graphics_idGraphics`),
  KEY `fk_Hardware_has_Graphics_Graphics1_idx` (`Graphics_idGraphics`),
  KEY `fk_Hardware_has_Graphics_Hardware1_idx` (`Hardware_idHardware`),
  CONSTRAINT `fk_Hardware_has_Graphics_Graphics1` FOREIGN KEY (`Graphics_idGraphics`) REFERENCES `graphics` (`idGraphics`),
  CONSTRAINT `fk_Hardware_has_Graphics_Hardware1` FOREIGN KEY (`Hardware_idHardware`) REFERENCES `hardware` (`idHardware`)
) ENGINE=InnoDB DEFAULT CHARSET=utf8;
/*!40101 SET character_set_client = @saved_cs_client */;

--
-- Dumping data for table `hardware_has_graphics`
--

LOCK TABLES `hardware_has_graphics` WRITE;
/*!40000 ALTER TABLE `hardware_has_graphics` DISABLE KEYS */;
INSERT INTO `hardware_has_graphics` VALUES (1,1),(2,2),(3,3),(4,3),(49,3),(4,4),(2,5),(5,5),(15,5),(40,5),(74,5),(6,6),(9,6),(7,7),(8,8),(14,8),(41,8),(104,8),(10,9),(4,10),(10,10),(15,10),(41,10),(47,10),(48,10),(54,10),(56,10),(76,10),(83,10),(11,11),(14,11),(15,11),(87,11),(12,12),(27,12),(60,12),(10,13),(13,14),(10,15),(14,15),(43,15),(50,15),(78,15),(15,16),(5,17),(8,17),(15,17),(24,17),(36,17),(41,17),(65,17),(16,18),(3,19),(17,19),(10,20),(4,21),(10,21),(37,21),(10,22),(18,22),(22,22),(25,22),(35,22),(51,22),(55,22),(84,22),(88,22),(96,22),(19,23),(20,24),(27,24),(75,24),(111,24),(15,25),(86,25),(17,26),(10,27),(21,28),(10,29),(33,29),(57,29),(23,30),(14,31),(15,31),(25,32),(4,33),(64,33),(72,33),(14,34),(26,35),(27,35),(32,35),(28,36),(29,37),(27,38),(30,39),(75,39),(30,40),(31,41),(94,41),(4,42),(34,43),(50,43),(60,43),(10,44),(14,44),(25,45),(16,46),(39,46),(102,46),(107,46),(38,47),(70,47),(41,48),(4,49),(56,49),(27,50),(4,51),(42,51),(44,52),(81,52),(45,53),(8,54),(19,54),(46,55),(49,56),(14,57),(33,58),(38,59),(25,60),(52,60),(99,60),(101,60),(4,61),(10,62),(53,63),(57,64),(102,64),(58,65),(41,66),(42,67),(13,68),(59,68),(61,69),(56,70),(62,71),(63,72),(64,73),(85,73),(3,74),(4,75),(14,75),(66,76),(56,77),(4,78),(41,79),(39,80),(10,81),(15,81),(67,82),(68,83),(69,84),(41,85),(15,86),(71,87),(16,88),(14,89),(33,89),(10,90),(14,91),(62,92),(22,93),(73,93),(56,94),(68,95),(77,96),(4,97),(4,98),(10,98),(15,98),(41,98),(108,98),(33,99),(71,99),(56,100),(14,101),(22,101),(42,102),(56,103),(4,104),(10,104),(79,105),(80,106),(41,107),(14,108),(82,109),(15,110),(14,111),(4,112),(15,113),(89,114),(93,114),(90,115),(15,116),(91,117),(41,118),(84,119),(92,120),(41,121),(4,122),(95,123),(97,124),(98,125),(10,126),(100,127),(14,128),(41,129),(64,130),(84,131),(103,132),(50,133),(105,134),(14,135),(106,136),(41,137),(14,138),(4,139),(107,140),(10,141),(102,142),(22,143),(14,144),(64,145),(109,146),(4,147),(107,148),(110,149),(4,150);
/*!40000 ALTER TABLE `hardware_has_graphics` ENABLE KEYS */;
UNLOCK TABLES;

--
-- Table structure for table `hardware_has_porttype`
--

DROP TABLE IF EXISTS `hardware_has_porttype`;
/*!40101 SET @saved_cs_client     = @@character_set_client */;
/*!50503 SET character_set_client = utf8mb4 */;
CREATE TABLE `hardware_has_porttype` (
  `PortType_idPort` int NOT NULL,
  `Hardware_idHardware` int NOT NULL,
  `portValue` int NOT NULL,
  PRIMARY KEY (`PortType_idPort`,`Hardware_idHardware`,`portValue`),
  KEY `fk_PortType_has_Hardware_Hardware1_idx` (`Hardware_idHardware`),
  KEY `fk_PortType_has_Hardware_PortType1_idx` (`PortType_idPort`),
  CONSTRAINT `fk_PortType_has_Hardware_Hardware1` FOREIGN KEY (`Hardware_idHardware`) REFERENCES `hardware` (`idHardware`),
  CONSTRAINT `fk_PortType_has_Hardware_PortType1` FOREIGN KEY (`PortType_idPort`) REFERENCES `porttype` (`idPort`)
) ENGINE=InnoDB DEFAULT CHARSET=utf8;
/*!40101 SET character_set_client = @saved_cs_client */;

--
-- Dumping data for table `hardware_has_porttype`
--

LOCK TABLES `hardware_has_porttype` WRITE;
/*!40000 ALTER TABLE `hardware_has_porttype` DISABLE KEYS */;
INSERT INTO `hardware_has_porttype` VALUES (1,1,2),(2,1,1),(3,1,1),(4,1,1),(5,1,1),(1,2,0),(1,2,1),(2,2,2),(3,2,1),(4,2,1),(5,2,0),(5,2,1),(1,3,1),(2,3,2),(3,3,1),(4,3,1),(5,3,1),(1,4,0),(1,4,1),(1,4,2),(1,4,3),(2,4,0),(2,4,1),(2,4,2),(2,4,4),(3,4,0),(3,4,1),(4,4,0),(4,4,1),(5,4,0),(5,4,1),(1,5,1),(2,5,2),(3,5,1),(4,5,1),(5,5,0),(1,6,1),(2,6,2),(3,6,1),(4,6,1),(5,6,1),(1,7,0),(2,7,2),(3,7,1),(4,7,1),(5,7,1),(1,8,0),(1,8,1),(2,8,2),(3,8,1),(4,8,1),(5,8,0),(5,8,1),(1,9,1),(2,9,2),(3,9,1),(4,9,1),(5,9,1),(1,10,0),(1,10,1),(1,10,2),(2,10,0),(2,10,1),(2,10,3),(3,10,0),(3,10,1),(4,10,0),(4,10,1),(5,10,0),(5,10,1),(1,11,0),(2,11,2),(3,11,0),(4,11,1),(5,11,0),(1,12,0),(1,12,1),(2,12,2),(2,12,3),(3,12,1),(4,12,1),(5,12,1),(1,13,0),(2,13,3),(2,13,4),(3,13,0),(3,13,1),(4,13,1),(5,13,0),(1,14,0),(1,14,1),(2,14,0),(2,14,2),(3,14,0),(3,14,1),(4,14,0),(4,14,1),(5,14,0),(1,15,0),(2,15,0),(2,15,4),(3,15,0),(3,15,1),(4,15,0),(4,15,1),(5,15,0),(5,15,1),(1,16,0),(1,16,1),(2,16,2),(2,16,3),(3,16,1),(4,16,1),(5,16,0),(5,16,1),(1,17,1),(2,17,1),(2,17,2),(2,17,3),(3,17,1),(4,17,1),(5,17,1),(1,18,0),(2,18,1),(3,18,0),(4,18,1),(5,18,0),(1,19,0),(1,19,2),(2,19,0),(2,19,3),(3,19,1),(4,19,1),(4,19,2),(5,19,1),(1,20,2),(2,20,2),(3,20,1),(4,20,1),(5,20,0),(1,21,2),(2,21,1),(3,21,1),(4,21,1),(5,21,1),(1,22,1),(1,22,2),(2,22,2),(3,22,1),(4,22,1),(5,22,0),(5,22,1),(1,23,1),(2,23,2),(3,23,1),(4,23,0),(5,23,1),(1,24,1),(2,24,2),(3,24,1),(4,24,1),(5,24,0),(1,25,0),(1,25,1),(2,25,2),(2,25,3),(3,25,1),(4,25,1),(5,25,0),(5,25,1),(1,26,2),(2,26,2),(3,26,1),(4,26,1),(5,26,0),(1,27,0),(1,27,1),(1,27,2),(2,27,2),(2,27,4),(3,27,1),(4,27,1),(5,27,0),(5,27,1),(1,28,0),(2,28,2),(3,28,1),(4,28,1),(5,28,1),(1,29,1),(2,29,2),(3,29,1),(4,29,1),(5,29,1),(1,30,2),(2,30,1),(2,30,2),(3,30,1),(4,30,1),(5,30,0),(1,31,1),(2,31,2),(3,31,1),(4,31,1),(5,31,1),(1,32,2),(2,32,2),(3,32,1),(4,32,1),(5,32,0),(1,33,0),(1,33,1),(2,33,2),(2,33,3),(3,33,1),(4,33,1),(5,33,1),(1,34,1),(2,34,3),(3,34,1),(4,34,1),(5,34,1),(1,35,1),(2,35,2),(3,35,1),(4,35,1),(5,35,0),(1,36,1),(2,36,2),(3,36,1),(4,36,1),(5,36,0),(1,37,1),(2,37,2),(3,37,1),(4,37,1),(5,37,0),(1,38,0),(1,38,2),(2,38,2),(2,38,4),(3,38,1),(4,38,1),(5,38,1),(1,39,2),(2,39,1),(3,39,1),(4,39,1),(5,39,1),(1,40,1),(2,40,2),(3,40,1),(4,40,1),(5,40,0),(1,41,0),(1,41,1),(2,41,0),(2,41,2),(3,41,0),(3,41,1),(4,41,0),(4,41,1),(5,41,0),(5,41,1),(1,42,0),(2,42,3),(3,42,1),(4,42,1),(5,42,0),(5,42,1),(1,43,0),(2,43,3),(3,43,1),(4,43,1),(5,43,0),(1,44,1),(2,44,3),(3,44,1),(4,44,1),(5,44,1),(1,45,0),(2,45,3),(3,45,1),(4,45,1),(5,45,1),(1,46,1),(2,46,1),(3,46,1),(4,46,1),(5,46,1),(1,47,2),(2,47,2),(3,47,1),(4,47,1),(5,47,1),(1,48,1),(2,48,1),(3,48,1),(4,48,1),(5,48,1),(1,49,1),(2,49,2),(3,49,1),(4,49,1),(5,49,1),(1,50,0),(2,50,2),(3,50,1),(4,50,1),(5,50,1),(1,51,2),(2,51,1),(3,51,1),(4,51,1),(5,51,0),(1,52,1),(2,52,1),(3,52,1),(4,52,1),(5,52,1),(1,53,1),(2,53,2),(3,53,1),(4,53,1),(5,53,1),(1,54,1),(2,54,1),(3,54,1),(4,54,1),(5,54,1),(1,55,2),(2,55,2),(3,55,1),(4,55,1),(5,55,0),(1,56,0),(2,56,0),(3,56,0),(3,56,1),(4,56,0),(5,56,0),(1,57,1),(2,57,0),(2,57,2),(3,57,0),(3,57,1),(4,57,0),(4,57,1),(5,57,0),(5,57,1),(1,58,0),(2,58,3),(3,58,1),(4,58,1),(5,58,1),(1,59,0),(2,59,3),(3,59,1),(4,59,1),(5,59,1),(1,60,1),(2,60,2),(2,60,3),(3,60,1),(4,60,1),(5,60,0),(5,60,1),(1,61,1),(2,61,3),(3,61,1),(4,61,1),(5,61,1),(1,62,0),(1,62,1),(2,62,0),(2,62,2),(3,62,0),(3,62,1),(4,62,0),(5,62,0),(1,63,0),(2,63,4),(3,63,0),(4,63,1),(5,63,0),(1,64,1),(1,64,2),(2,64,2),(3,64,1),(4,64,1),(5,64,0),(5,64,1),(1,65,1),(2,65,2),(3,65,0),(4,65,1),(5,65,0),(1,66,0),(2,66,3),(3,66,1),(4,66,1),(5,66,1),(1,67,0),(2,67,2),(3,67,0),(4,67,0),(5,67,0),(1,68,0),(2,68,0),(3,68,0),(4,68,0),(5,68,0),(1,69,0),(2,69,0),(3,69,1),(4,69,0),(5,69,0),(1,70,2),(2,70,2),(3,70,1),(4,70,1),(5,70,1),(1,71,0),(1,71,1),(2,71,0),(2,71,2),(3,71,0),(4,71,0),(5,71,0),(1,72,1),(2,72,0),(3,72,1),(4,72,0),(5,72,0),(1,73,2),(2,73,2),(3,73,1),(4,73,1),(5,73,0),(1,74,0),(2,74,3),(3,74,1),(4,74,1),(5,74,0),(1,75,2),(2,75,1),(2,75,2),(3,75,1),(4,75,1),(5,75,0),(1,76,1),(2,76,1),(3,76,1),(4,76,1),(5,76,1),(1,77,1),(2,77,1),(3,77,1),(4,77,1),(5,77,1),(1,78,0),(2,78,0),(3,78,0),(4,78,0),(5,78,0),(1,79,2),(2,79,2),(3,79,1),(4,79,1),(5,79,1),(1,80,1),(2,80,2),(3,80,1),(4,80,1),(5,80,1),(1,81,1),(2,81,3),(3,81,1),(4,81,1),(5,81,1),(1,82,2),(2,82,2),(3,82,0),(4,82,0),(5,82,0),(1,83,1),(2,83,1),(3,83,1),(4,83,1),(5,83,1),(1,84,2),(2,84,1),(2,84,2),(3,84,1),(4,84,1),(5,84,0),(5,84,1),(1,85,1),(2,85,2),(3,85,1),(4,85,1),(5,85,0),(1,86,1),(2,86,2),(3,86,1),(4,86,1),(5,86,1),(1,87,0),(2,87,2),(3,87,1),(4,87,1),(5,87,0),(1,88,2),(2,88,1),(3,88,1),(4,88,1),(5,88,1),(1,89,2),(2,89,1),(3,89,1),(4,89,1),(5,89,0),(1,90,2),(2,90,2),(3,90,1),(4,90,1),(5,90,0),(1,91,0),(2,91,0),(3,91,1),(4,91,0),(5,91,0),(1,92,0),(2,92,0),(3,92,0),(4,92,0),(5,92,0),(1,93,0),(2,93,2),(3,93,1),(4,93,1),(5,93,1),(1,94,1),(2,94,0),(3,94,1),(4,94,0),(5,94,0),(1,95,0),(2,95,2),(3,95,1),(4,95,1),(5,95,1),(1,96,1),(2,96,2),(3,96,1),(4,96,1),(5,96,0),(1,97,1),(2,97,1),(3,97,1),(4,97,1),(5,97,0),(1,98,0),(2,98,1),(3,98,0),(4,98,1),(5,98,0),(1,99,1),(2,99,1),(3,99,1),(4,99,1),(5,99,1),(1,100,0),(2,100,4),(3,100,1),(4,100,1),(5,100,1),(1,101,1),(2,101,1),(3,101,1),(4,101,1),(5,101,1),(1,102,0),(1,102,1),(2,102,2),(2,102,3),(3,102,1),(4,102,1),(5,102,1),(1,103,0),(2,103,3),(3,103,1),(4,103,1),(5,103,1),(1,104,1),(2,104,1),(3,104,1),(4,104,0),(5,104,0),(1,105,0),(2,105,3),(3,105,1),(4,105,1),(5,105,1),(1,106,0),(2,106,3),(3,106,1),(4,106,1),(5,106,0),(1,107,0),(1,107,1),(2,107,2),(2,107,3),(3,107,1),(4,107,0),(4,107,1),(5,107,0),(5,107,1),(1,108,0),(2,108,0),(3,108,0),(4,108,0),(5,108,0),(1,109,2),(2,109,1),(3,109,1),(4,109,1),(5,109,1),(1,110,2),(2,110,1),(3,110,1),(4,110,1),(5,110,1),(1,111,2),(2,111,2),(3,111,1),(4,111,1),(5,111,0);
/*!40000 ALTER TABLE `hardware_has_porttype` ENABLE KEYS */;
UNLOCK TABLES;

--
-- Table structure for table `hardware_has_processor`
--

DROP TABLE IF EXISTS `hardware_has_processor`;
/*!40101 SET @saved_cs_client     = @@character_set_client */;
/*!50503 SET character_set_client = utf8mb4 */;
CREATE TABLE `hardware_has_processor` (
  `Hardware_idHardware` int NOT NULL,
  `Processor_idProcessor` int NOT NULL,
  PRIMARY KEY (`Hardware_idHardware`,`Processor_idProcessor`),
  KEY `fk_Hardware_has_Processor_Processor1_idx` (`Processor_idProcessor`),
  KEY `fk_Hardware_has_Processor_Hardware1_idx` (`Hardware_idHardware`),
  CONSTRAINT `fk_Hardware_has_Processor_Hardware1` FOREIGN KEY (`Hardware_idHardware`) REFERENCES `hardware` (`idHardware`),
  CONSTRAINT `fk_Hardware_has_Processor_Processor1` FOREIGN KEY (`Processor_idProcessor`) REFERENCES `processor` (`idProcessor`)
) ENGINE=InnoDB DEFAULT CHARSET=utf8;
/*!40101 SET character_set_client = @saved_cs_client */;

--
-- Dumping data for table `hardware_has_processor`
--

LOCK TABLES `hardware_has_processor` WRITE;
/*!40000 ALTER TABLE `hardware_has_processor` DISABLE KEYS */;
INSERT INTO `hardware_has_processor` VALUES (1,1),(2,2),(3,3),(49,3),(4,4),(5,5),(21,5),(6,6),(9,6),(7,7),(8,8),(10,9),(22,9),(55,9),(73,9),(96,9),(2,10),(10,10),(30,10),(62,10),(76,10),(101,10),(4,11),(8,11),(11,11),(14,11),(15,11),(41,11),(50,11),(94,11),(95,11),(12,12),(22,12),(33,12),(38,12),(70,12),(84,12),(86,12),(10,13),(14,13),(89,13),(13,14),(14,15),(16,15),(43,15),(15,16),(8,17),(15,17),(24,17),(40,17),(64,17),(65,17),(16,18),(3,19),(4,19),(10,19),(15,19),(17,19),(25,19),(34,19),(47,19),(52,19),(77,19),(10,20),(12,20),(14,20),(17,20),(19,20),(37,20),(39,20),(41,20),(49,20),(61,20),(64,20),(68,20),(72,20),(8,21),(53,21),(10,22),(14,22),(18,23),(19,24),(14,25),(20,25),(45,25),(51,25),(111,25),(15,26),(10,27),(51,27),(10,28),(14,28),(22,28),(23,28),(78,28),(107,28),(8,29),(15,29),(14,30),(4,31),(15,31),(25,31),(14,32),(26,33),(27,34),(28,35),(29,36),(27,37),(27,38),(30,38),(75,38),(31,39),(32,40),(4,41),(41,41),(14,42),(33,42),(14,43),(59,43),(63,43),(35,44),(37,44),(25,45),(110,45),(4,46),(15,46),(8,47),(36,47),(44,47),(81,47),(98,47),(102,47),(109,47),(4,48),(8,49),(36,49),(65,49),(106,49),(41,50),(4,51),(3,52),(4,52),(10,52),(12,52),(15,52),(19,52),(38,52),(50,52),(27,53),(42,54),(46,55),(50,55),(48,56),(54,56),(83,56),(27,57),(75,57),(4,58),(10,59),(56,60),(5,61),(57,61),(60,61),(102,61),(10,62),(14,62),(58,62),(66,62),(41,63),(68,63),(42,64),(74,64),(107,64),(27,65),(33,65),(60,66),(10,67),(88,67),(56,68),(64,69),(85,69),(14,70),(5,71),(14,71),(56,72),(4,73),(41,74),(39,75),(41,76),(13,77),(15,77),(71,77),(67,78),(69,79),(4,80),(41,80),(108,80),(71,81),(16,82),(10,83),(62,84),(4,85),(56,86),(42,87),(51,88),(10,89),(56,90),(41,91),(79,92),(80,93),(25,94),(82,95),(15,96),(84,97),(10,98),(41,99),(4,100),(87,101),(15,102),(93,102),(90,103),(4,104),(91,105),(41,106),(84,107),(92,108),(41,109),(4,110),(107,110),(97,111),(10,112),(99,113),(100,114),(57,115),(2,116),(84,117),(103,118),(104,119),(105,120),(41,121),(14,122),(4,123),(10,124),(10,125),(10,126),(4,127),(74,128),(15,129),(102,130),(56,131),(4,132),(10,133),(4,134);
/*!40000 ALTER TABLE `hardware_has_processor` ENABLE KEYS */;
UNLOCK TABLES;

--
-- Table structure for table `hardware_has_storage`
--

DROP TABLE IF EXISTS `hardware_has_storage`;
/*!40101 SET @saved_cs_client     = @@character_set_client */;
/*!50503 SET character_set_client = utf8mb4 */;
CREATE TABLE `hardware_has_storage` (
  `Hardware_idHardware` int NOT NULL,
  `Storage_idStorage` int NOT NULL,
  PRIMARY KEY (`Hardware_idHardware`,`Storage_idStorage`),
  KEY `fk_Hardware_has_Storage_Storage1_idx` (`Storage_idStorage`),
  KEY `fk_Hardware_has_Storage_Hardware1_idx` (`Hardware_idHardware`),
  CONSTRAINT `fk_Hardware_has_Storage_Hardware1` FOREIGN KEY (`Hardware_idHardware`) REFERENCES `hardware` (`idHardware`),
  CONSTRAINT `fk_Hardware_has_Storage_Storage1` FOREIGN KEY (`Storage_idStorage`) REFERENCES `storage` (`idStorage`)
) ENGINE=InnoDB DEFAULT CHARSET=utf8;
/*!40101 SET character_set_client = @saved_cs_client */;

--
-- Dumping data for table `hardware_has_storage`
--

LOCK TABLES `hardware_has_storage` WRITE;
/*!40000 ALTER TABLE `hardware_has_storage` DISABLE KEYS */;
INSERT INTO `hardware_has_storage` VALUES (1,1),(2,2),(2,3),(3,3),(5,3),(7,3),(8,3),(14,3),(16,3),(24,3),(25,3),(34,3),(40,3),(41,3),(52,3),(53,3),(77,3),(94,3),(4,4),(5,5),(6,5),(9,5),(27,5),(41,5),(99,5),(8,6),(17,6),(21,6),(42,6),(51,6),(64,6),(88,6),(10,7),(4,8),(10,8),(14,8),(15,8),(8,9),(11,9),(19,9),(36,9),(50,9),(86,9),(87,9),(95,9),(106,9),(109,9),(8,10),(12,10),(13,10),(17,10),(25,10),(33,10),(39,10),(46,10),(61,10),(64,10),(79,10),(84,10),(93,10),(10,11),(13,12),(4,13),(10,13),(14,13),(15,13),(10,14),(14,14),(41,14),(8,15),(33,15),(4,16),(10,16),(14,16),(15,16),(18,17),(19,18),(20,19),(45,19),(56,19),(111,19),(15,20),(22,21),(26,21),(30,21),(55,21),(73,21),(75,21),(23,22),(14,23),(14,24),(27,25),(2,26),(28,26),(29,26),(48,26),(54,26),(57,26),(76,26),(83,26),(84,26),(101,26),(27,27),(22,28),(30,28),(31,29),(32,30),(10,31),(14,31),(15,31),(25,32),(35,32),(37,32),(47,32),(110,32),(4,33),(16,34),(27,34),(3,35),(12,35),(19,35),(33,35),(49,35),(65,35),(38,36),(70,36),(41,37),(15,38),(35,38),(37,38),(50,38),(4,39),(56,39),(10,40),(12,40),(105,40),(27,41),(42,42),(3,43),(43,43),(65,43),(102,43),(44,44),(81,44),(4,45),(10,45),(14,45),(15,45),(71,45),(78,45),(50,46),(44,47),(38,48),(4,49),(56,50),(58,51),(74,51),(41,52),(27,53),(59,54),(60,55),(62,56),(63,57),(64,58),(85,58),(66,59),(103,59),(56,60),(4,61),(41,62),(39,63),(4,64),(41,65),(67,66),(68,67),(69,68),(41,69),(71,70),(16,71),(42,71),(10,72),(62,73),(64,74),(72,74),(75,75),(68,76),(4,77),(60,78),(4,79),(41,79),(108,79),(75,80),(22,81),(10,82),(80,82),(56,83),(41,84),(25,85),(41,86),(82,87),(15,88),(14,89),(10,90),(4,91),(4,92),(5,93),(10,93),(107,93),(10,94),(15,95),(56,96),(89,96),(90,97),(4,98),(14,98),(91,99),(41,100),(84,101),(92,102),(41,103),(4,104),(96,105),(15,106),(97,107),(98,108),(10,109),(100,110),(84,111),(102,112),(104,113),(14,114),(41,115),(4,116),(107,117),(4,118),(10,119),(4,120),(74,121),(15,122),(102,123),(49,124),(4,125),(8,126),(4,127),(107,128),(4,129),(14,130);
/*!40000 ALTER TABLE `hardware_has_storage` ENABLE KEYS */;
UNLOCK TABLES;

--
-- Table structure for table `hardware_has_wirelesstype`
--

DROP TABLE IF EXISTS `hardware_has_wirelesstype`;
/*!40101 SET @saved_cs_client     = @@character_set_client */;
/*!50503 SET character_set_client = utf8mb4 */;
CREATE TABLE `hardware_has_wirelesstype` (
  `Hardware_idHardware` int NOT NULL,
  `wirelessType_id` int NOT NULL,
  PRIMARY KEY (`Hardware_idHardware`,`wirelessType_id`),
  KEY `fk_Hardware_has_wirelessType_wirelessType1_idx` (`wirelessType_id`),
  KEY `fk_Hardware_has_wirelessType_Hardware1_idx` (`Hardware_idHardware`),
  CONSTRAINT `fk_Hardware_has_wirelessType_Hardware1` FOREIGN KEY (`Hardware_idHardware`) REFERENCES `hardware` (`idHardware`),
  CONSTRAINT `fk_Hardware_has_wirelessType_wirelessType1` FOREIGN KEY (`wirelessType_id`) REFERENCES `wirelesstype` (`idWirelessType`)
) ENGINE=InnoDB DEFAULT CHARSET=utf8;
/*!40101 SET character_set_client = @saved_cs_client */;

--
-- Dumping data for table `hardware_has_wirelesstype`
--

LOCK TABLES `hardware_has_wirelesstype` WRITE;
/*!40000 ALTER TABLE `hardware_has_wirelesstype` DISABLE KEYS */;
INSERT INTO `hardware_has_wirelesstype` VALUES (1,1),(4,1),(12,1),(21,1),(39,1),(46,1),(47,1),(52,1),(61,1),(62,1),(64,1),(68,1),(72,1),(79,1),(85,1),(88,1),(92,1),(109,1),(110,1),(1,2),(4,2),(9,2),(10,2),(12,2),(21,2),(39,2),(41,2),(42,2),(45,2),(46,2),(47,2),(52,2),(57,2),(61,2),(62,2),(64,2),(68,2),(72,2),(79,2),(85,2),(88,2),(92,2),(97,2),(107,2),(109,2),(110,2),(1,3),(4,3),(9,3),(10,3),(12,3),(21,3),(39,3),(41,3),(42,3),(45,3),(46,3),(47,3),(52,3),(57,3),(61,3),(62,3),(64,3),(68,3),(72,3),(79,3),(85,3),(88,3),(92,3),(97,3),(107,3),(109,3),(110,3),(1,4),(4,4),(10,4),(12,4),(21,4),(39,4),(41,4),(42,4),(45,4),(46,4),(47,4),(52,4),(61,4),(62,4),(64,4),(68,4),(72,4),(79,4),(85,4),(88,4),(97,4),(107,4),(109,4),(110,4),(1,5),(4,5),(5,5),(10,5),(12,5),(14,5),(18,5),(20,5),(21,5),(25,5),(27,5),(31,5),(32,5),(39,5),(41,5),(46,5),(47,5),(52,5),(59,5),(60,5),(61,5),(62,5),(64,5),(68,5),(72,5),(75,5),(79,5),(84,5),(85,5),(88,5),(89,5),(90,5),(91,5),(94,5),(100,5),(109,5),(110,5),(111,5),(4,6);
/*!40000 ALTER TABLE `hardware_has_wirelesstype` ENABLE KEYS */;
UNLOCK TABLES;

--
-- Table structure for table `laptop`
--

DROP TABLE IF EXISTS `laptop`;
/*!40101 SET @saved_cs_client     = @@character_set_client */;
/*!50503 SET character_set_client = utf8mb4 */;
CREATE TABLE `laptop` (
  `idLaptop` int NOT NULL,
  `name` varchar(255) NOT NULL,
  `itemModelNumber` varchar(255) DEFAULT NULL,
  `OriginalPrice` double DEFAULT NULL,
  `DiscountedPrice` double DEFAULT NULL,
  `Rating` double DEFAULT NULL,
  `Reviewers` int DEFAULT NULL,
  `brandName` varchar(255) DEFAULT NULL,
  `series` varchar(255) DEFAULT NULL,
  `maximumDisplayResolutionWidth` int DEFAULT NULL,
  `MaximumDisplayResolutionHeight` int DEFAULT NULL,
  `itemHeight` double DEFAULT NULL,
  `itemWidth` double DEFAULT NULL,
  `itemThickness` double DEFAULT NULL,
  `itemWeight` double DEFAULT NULL,
  `colour` varchar(45) DEFAULT NULL,
  `screenSize` double DEFAULT NULL,
  PRIMARY KEY (`idLaptop`)
) ENGINE=InnoDB DEFAULT CHARSET=utf8;
/*!40101 SET character_set_client = @saved_cs_client */;

--
-- Dumping data for table `laptop`
--

LOCK TABLES `laptop` WRITE;
/*!40000 ALTER TABLE `laptop` DISABLE KEYS */;
INSERT INTO `laptop` VALUES (1,'AcerAspire3Thin','A315-22',29999,20822,3.2,187,'Acer','Aspire3Thin',1366,768,25.1,36.3,2,1.9,'CharcoalBlack',15.6),(2,'LenovoIdeapadS145','81UT001CIN',3659,28849,3.4,336,'Lenovo','IdeapadS145',1920,1080,36.2,25.1,2,1.85,'GREY',15.6),(3,'DellVostro3581','3581',NULL,NULL,3.3,270,'Dell','Vostro',1366,768,25.8,38,2.1,2.4,'Black',15.6),(4,'HP14','cm0123au',22409,22163,3.5,304,'HP',NULL,NULL,NULL,23.4,33.5,2,1.54,NULL,14),(5,'LenovoIdeapadS145AMDA6-922515,6inchHDThinandLightLaptop(4/1TB/Windows10/Grey/1,85),81N30063IN','81N30063IN',2649,2199,3.4,494,'Lenovo','IdeapadS145',1366,768,36.2,25.2,2,1.85,'GREY',15.6),(6,'HP2457GZ75PA#ACJ14-inchLaptop(A6-9225/4/1TB/DOS/IntegratedGraphics),Black','7GZ75PA#ACJ',20448,2044,3.5,53,'HP','HP245',1366,768,34,24,2.4,1.8,'Black',14),(7,'LenovoV145','81MTA000IH',25999,239,1.6,8,'Lenovo','V145',1366,768,37.6,25.3,2.3,2.1,'Black',15.6),(8,'LenovoIdeapadS145','81N300J1IN',2929,23921,NULL,NULL,'Lenovo','IdeapadS145',1366,768,36.3,25.1,2,1.85,'Gray',15.6),(9,'HP2456BF83PA2018','6BF83PA',24825,22825,3.5,519,'HP','HP245',1366,768,34,24,2.4,1.85,'Black',14),(10,'HP14','cs1002TU',5495750,5099,4.1,82,'HP',NULL,NULL,NULL,33.5,23.4,2,1.54,NULL,14),(11,'HP15','ds0043tu',42911,3799,3.5,264,'HP',NULL,NULL,NULL,37.6,24.6,2.3,2.18,NULL,15.6),(12,'LenovoYogaC64081UE0034IN','81UE0034IN',106290,80051,3.6,14,'Lenovo','YogaC640',1920,1080,30.6,20.4,1.7,1.35,'IronGrey',13.3),(13,'AcerNitro5AN515-43','AN515-43',79999,5299,4.2,5,'Acer','Nitro5',1920,1080,25.5,36.3,2.6,2.3,'ObsidianBlack',15.6),(14,'HPPavilionx','dh0045TX',93553,8499,4.4,42,'HP',NULL,NULL,NULL,32.4,22.4,2,1.59,NULL,14),(15,'HPChromebookx3','12b-ca0006TU',3751350,3599,3.9,10,'HP','Chromebook x360',1366,768,21.6,27.2,1.7,1.35,'Naturalsilver',12),(16,'HPPavilionx360','14-dh1006TU',52619,49739,3.8,102,'HP',NULL,NULL,NULL,22.3,32.4,2.1,1.59,NULL,14),(17,'LenovoIdeapadS145','81VD008PIN',3629,2749,3.3,133,'Lenovo',NULL,NULL,NULL,36.2,25.1,2,1.85,NULL,15.6),(18,'LenovoIdeapadS145','81VD0082IN',3769,2999,3.3,275,'Lenovo',NULL,NULL,NULL,36.2,25.1,2,1.85,NULL,15.6),(19,'HP15','di0001TU',26645,26625,4,15,'HP','15',1366,768,24.6,37.6,2.3,2.18,'Jetblack',15.6),(20,'DELLInspiron3493','3493',40038,385,NULL,NULL,'Dell','Inspiron',1920,1080,24.2,33.9,2.1,1.68,'PlatinumSilver',14),(21,'AVITACosmosNS14A1IN502P','NS14A1IN502P',5399,3399,4.1,97,'AVITA',NULL,NULL,NULL,33.3,33.3,22.2,1.49,NULL,14),(22,'LenovoIdeapadS145','81UT00EFIN',3979,3299,NULL,NULL,'Lenovo','IdeapadS145',1920,1080,36.3,25.1,2,1.85,'Gray',15.6),(23,'HP14','cs0017TU',53554,4699,3.7,347,'HP',NULL,NULL,NULL,33.5,23.4,2,1.59,NULL,14),(24,'MicrosoftSurfaceLaptop2LQL-00023','1769',92999,7628,4.3,84,'Microsoft','SurfaceLaptop2',2256,1504,30.8,22.3,1.5,1.25,'Platinum',13.5),(25,'LenovoIdeapadS145','81VD0086IN',3979,3299,3.4,318,'Lenovo',NULL,NULL,NULL,36.2,25.1,2,1.85,NULL,15.6),(26,'HP14','6AQ83PA',53303,5199,4.2,635,'HP','6AQ83PA',1920,1080,45.2,30.4,7.1,1.43,'NaturalSilver',14),(27,'ASUSVivoBook15X509FA-EJ342T','X509FA-EJ342T',3999,29999,4.4,3,'ASUS','VivoBook15',1920,1080,23.5,36,2.3,1.9,'SlateGrey',15.6),(28,'ASUSTUFGamingFX505DY-BQ002T','FX505DY-BQ002T',6899,5299,4,1138,'ASUS',NULL,NULL,NULL,26.2,36,2.6,2.2,NULL,15.6),(29,'LenovoIdeapadS145','81VD008NIN',4049,3399,4.1,88,'Lenovo',NULL,NULL,NULL,36.2,25.1,2,1.85,NULL,15.6),(30,'DELLInspiron5491','5491',4999,4699,NULL,NULL,'Dell','Inspiron',1920,1080,23.2,32.8,2,1.86,'PlatinumSilver',14),(31,'LenovoIdeapadS145','81MV009JIN',4989,3199,3.4,150,'Lenovo',NULL,NULL,NULL,36.2,25.1,2.1,1.85,NULL,15.6),(32,'DellInspiron3583','3583',5999,4699,3.4,89,'Dell','Inspiron',1920,1080,25.8,38,2,2,'Silver',15.6),(33,'DELLVostro3490','3490',34834,3199,3.2,37,'Dell',NULL,NULL,NULL,24.2,33.9,2.1,1.68,NULL,14),(34,'AcerAspire3A315-22','A315-22',34999,2498,3.3,14,'Acer','Aspire3',1366,768,25,36.3,2,1.9,'Black',15.6),(35,'ASUSVivoBook14X409FA-EK502T','X409FA-EK502T',5499,4699,3.9,13,'ASUS','ASUS',1920,1080,21.6,32.5,2.3,1.6,'SlateGray',14),(36,'HPPavilionx360','14-dh0107TU',52618,4499,4,308,'HP',NULL,NULL,NULL,32.4,22.3,2.1,1.59,NULL,14),(37,'HPPavilionx360','14-dh1010TU',80007,70834,4,53,'HP',NULL,NULL,NULL,22.3,32.4,2.1,1.59,NULL,14),(38,'LenovoIdeaPadS145','81W800C3IN',4819,3649,3.6,31,'Lenovo',NULL,NULL,NULL,36.2,25.1,2,1.85,NULL,15.6),(39,'DellVostro153590','DellVostro153590',6149,565,NULL,NULL,'Dell',NULL,1920,1080,25.7,38,2,2.17,'BLACK',15.6),(40,'LenovoIdeapadS145','81VD007AIN',4329,3298,2.1,3,'Lenovo','IdeapadS145',1920,1080,36.2,25.1,2,1.85,'GREY',15.6),(41,'LenovoIdeaPadS34081','81WL002RIN',8389,612,3.6,24,'Lenovo',NULL,NULL,NULL,35.8,24.5,1.8,1.79,NULL,15.6),(42,'HP15','da0412tu',41,3499,NULL,NULL,'HP','15',1920,1080,24.6,37.6,2.3,1.77,'JetBlack',15.6),(43,'HP148','cs0017TU',53554,4699,3.7,347,'HP',NULL,NULL,NULL,33.5,23.4,2,1.59,NULL,14),(44,'LenovoThinkPadE14','20RAS0SF00',56984,3899,4.3,10,'Lenovo',NULL,NULL,NULL,32.5,23.2,2.1,1.77,NULL,14),(45,'DellInspiron3595','3595',NULL,NULL,3.1,57,'Dell',NULL,NULL,NULL,25.8,38,2.3,2.2,NULL,15.6),(46,'ASUSVivoBookX411QA-EK202T','X411QA-EK202T',3999,3399,3.6,26,'ASUS','VivoBook14',1920,1080,22.6,32.6,2,1.43,'Gold',14),(47,'ASUSVivoBook15X509FA-EJ372T','X509FA-EJ372T',4299,3598,4.6,3,'ASUS','VivoBook15',1920,1080,23.5,36,2.3,1.9,'SlateGrey',15.6),(48,'LenovoIdeapad33081D100H1IN','81D100H1IN',3139,254,2.6,10,'Lenovo','Lenovoideapad330',1366,768,37.8,26,2.3,2.2,'PlatinumGrey',15.6),(49,'HP15di0006tu','di0006tu',32851,31989,3.7,17,'HP','15',1920,1080,24.6,37.6,2.3,1.77,'JetBlack',15.6),(50,'ASUSROGG703GI-E5148T','G703GI-E5148T',599990,499990,3.9,17,'ASUS','ROG',1920,1080,31.9,42.5,5.1,4.7,'Aluminum',17.3),(51,'HPPavilionx3','14-dh1006TU',52619,49739,3.8,102,'HP',NULL,NULL,NULL,22.3,32.4,2.1,1.59,NULL,14),(52,'ASUSVivoBookX510QA-EJ201T','X510QA-EJ201T',3899,3399,4,8,'ASUS','VivoBook15',1920,1080,24.3,36.1,1.9,1.7,'Grey',15.6),(53,'ASUSVivoBook14X409UA-EK362T','X409UA-EK362TS',4399,3199,4.1,14,'ASUS','VivoBook14',1920,1080,21.6,32.5,2.3,1.6,'SlateGrey',14),(54,'AcerAspire3','NX,GY3SI,004',20999,17499,1,1,'Acer','Aspire3',1366,768,25.9,38.1,20.8,2.1,'ObsidianBlack',15.6),(55,'ASUSVivoBookX411QA-EK201TAMDQuadCoreA12-9720P','X411QA-EK201T',3899,2999,3.4,26,'ASUS','VivoBook14',1920,1080,22.6,32.6,2,1.43,'Grey',14),(56,'AcerAspire5A515-53K','nx,h9rsi,003',4299,2899,NULL,NULL,'Acer',NULL,1920,1080,NULL,NULL,NULL,3,'Black',15.6),(57,'HPPavilion','14-ce3006TU',62464,5699,4.6,3,'HP','Pavilion14',1920,1080,22.6,32.7,1.8,1.6,'Mineralsilver',14),(58,'LenovoThinkPadE14','20RAS0SG00',51047,3899,NULL,NULL,'Lenovo','E14',1920,1080,32.5,23.2,2.1,1.77,'black',14),(59,'LenovoLegionY5409thGenIntel','81SY00CKIN',9979,6599,4.4,734,'Lenovo',NULL,NULL,NULL,36,26.7,2.4,2.3,NULL,15.6),(60,'ASUSVivoBook14X409UA-EK361T','X409UA-EK361TS',4399,3199,3.3,12,'ASUS','VivoBook14',1920,1080,21.6,32.5,2.3,1.6,'TransparentSilver',14),(61,'LenovoV15','81YD001MIH',38,3599,NULL,NULL,'Lenovo','V15',1366,768,36.2,25.2,2,1.85,'Gray',15),(62,'HP15db1080AU','db1080AU',NULL,NULL,NULL,NULL,'HP','15',1366,768,24.6,37.6,2.3,1.8,'JetBlack',15.6),(63,'HP15','15q-ds0006TU',39753,3399,3.2,439,'HP',NULL,NULL,NULL,37.6,24.6,2.3,2.04,NULL,15.6),(64,'HPPavilion14','14-ce3006TU',62464,5699,4.6,3,'HP','Pavilion14',1920,1080,22.6,32.7,1.8,1.6,'Mineralsilver',14),(65,'LenovoIdeapadS145','81UT00J7IN',5029,3599,4,1,'Lenovo','IdeapadS145',1920,1080,36.2,25.2,2,1.85,'GREY',15.6),(66,'HPPavilionx3','dh0045TX',93553,8499,4.4,42,'HP',NULL,NULL,NULL,32.4,22.4,2,1.59,NULL,14),(67,'HPEliteBook1040G314','EliteBook1040G3-cr',59999,49999,NULL,NULL,'HP',NULL,1920,1080,35,29,3.2,1.9,'Black',14),(68,'HP15sfr1004TU','fr1004TU',45711,3999,3.8,352,'HP','15s',1920,1080,24.2,35.9,1.8,1.69,'NaturalSilver',15.6),(69,'AcerNitro5AN515-43','AN515-43',93999,6199,3.8,9,'Acer','Nitro5',1920,1080,25.5,36.3,2.6,2.3,'ObsidianBlack',15.6),(70,'ASUSVivoBookX411QA-EK001T','X411QA-EK001T',3299,2494,3.1,9,'ASUS','VivoBook14',1920,1080,2,32.6,22.6,1.43,'Grey',14),(71,'LenovoIdeapadS145','81W800E9IN',6459,4899,3.5,11,'Lenovo','IdeapadS145',1920,1080,36.2,25.1,2,1.85,'Grey',15.6),(72,'LenovoV15','81YD001KIH',36402,2799,NULL,NULL,'Lenovo','V15',1366,768,36.2,25.2,2,1.85,'Gray',15),(73,'ASUSVivoBook15M509DA-EJ581T','M509DA-EJ581T',4499,39789,4,24,'ASUS','ASUS',1920,1080,23.5,36,2.3,1.9,'TRANSPARENTSILVER',15.6),(74,'AcerAspire3A315-56','A315-56',53209,43333,NULL,NULL,'Acer','Aspire3',1920,1080,24.7,36.3,2,1.9,'Black',15.6),(75,'LenovoIdeapadS145','81VD0008IN',3829,29999,3.3,56,'Lenovo','IdeapadS145',1920,1080,36.2,25.2,2,1.85,'GREY',15.6),(76,'DELLVostro3591','Dell3591',83478,7999,NULL,NULL,'Dell',NULL,1920,1080,38.1,30.5,2.5,2.2,'black',15.6),(77,'LenovoV14','81YA002VIH',NULL,NULL,NULL,NULL,'Lenovo','V14',1366,768,32.7,24.1,2,1.6,'Gray',14),(78,'HP15','7NH61PA',44531,4199,3.1,17,'HP',NULL,1920,1080,35.8,24.2,2,1.74,'Silver',15.6),(79,'AcerPredatorTriton300PT315-512019','PT315-51',124400,9999,1,2,'Acer','PredatorTriton300',1920,1080,25.9,36.3,2.3,2.3,'AbyssalBlack',15.6),(80,'ASUSVivoBook15X509UA-EJ245T','X509UA-EJ245T',3299,25999,3.1,10,'ASUS','VivoBook15',1920,1080,23.5,36,2.3,1.9,'TransparentSilver',15.6),(81,'HP14Scr2000TX','cr2000TX',69092,6399,4.2,30,'HP','14S',1920,1080,22.5,32.4,2,1.47,'NaturalSilver',14),(82,'HPPavilionx360','14-dh1008TU',64803,59888,4.2,28,'HP','Pavilionx360',1920,1080,22.3,32.4,2.1,1.59,'NaturalSilver',14),(83,'ASUSTUFGamingA15','FA506II-HN153T',9399,7899,3.3,5,'ASUS','TUFGamingA15',1920,1080,25.6,35.9,2.5,2.3,'BonfireBlack',15.6),(84,'LenovoIdeaPadS54081NG002BIN','81NG002BIN',9369,664,4.2,90,'Lenovo',NULL,NULL,NULL,35.8,24.5,1.7,1.8,NULL,15.6),(85,'HP15sdu0120tu','du0120tu',4102250,3789,3.8,28,'HP','15s',1920,1080,24.2,35.9,2,1.74,'NaturalSilver',15.6),(86,'HPPavilion1414-ce3022TX2019','14-ce3022TX',74159,70988,4.3,21,'HP','Pavilion14',1920,1080,22.6,32.7,1.8,1.6,'Mineralsilver',14),(87,'AcerAspire3Thin','A315-55G',79999,5199,3.9,72,'Acer','Aspire3Thin',1920,1080,25.1,36.3,1.9,1.9,'CharcoalBlack',15.6),(88,'AcerAspire5A515-52K','A515-52K',35999,31478,NULL,NULL,'Acer','Aspire5',1920,1080,24.7,36.3,1.8,1.8,'Black',15.6),(89,'LenovoV130','81HN00FQIH',36694,29,3.8,57,'Lenovo','V130-15IKB',1366,768,37.5,25.3,2.2,1.8,'IRONgray',15.6),(90,'DELLInspiron3593','3593',65646,6485,3.8,32,'Dell','Inspiron',1920,1080,25.8,38,2.3,2.2,'PlatinumSilver',15.6),(91,'ASUSVivoBook15X509FA-EJ371T','X509FA-EJ371T',4299,33799,3.5,3,'ASUS','VivoBook15',1920,1080,23.5,36,2.3,1.9,'TransparentSilver',15.6),(92,'DELLInspiron5584','5584',76414,6599,4.1,18,'Dell',NULL,NULL,NULL,24.9,36.5,2.3,2.3,NULL,15.6),(93,'HPPavilionGaming','ec0098AX',57297,4999,3.7,10,'HP','15',1920,1080,25.7,36,2.4,1.98,'ShadowBlack',15.6),(94,'LenovoT49020RYS01J002019','20RYS01J00',133500,120841,NULL,NULL,'Lenovo','T490',1920,1080,32.9,22.7,1.8,1.55,'Black',14),(95,'ASUSTUFGamingA15','FA506II-HN152T',9099,7599,3.2,8,'ASUS','TUFGamingA15',1920,1080,25.6,35.9,2.5,2.3,'BonfireBlack',15.6),(96,'ASUSVivoBook15X512FA','X512FA-EJ549T',4499,36474,4.2,133,'ASUS','VivoBook15',1920,1080,23,35.7,1.9,1.7,'TransparentSilver',15.6),(97,'GP65Leopard10SFK-037IN','GP65Leopard10SFK-037IN',NULL,173990,NULL,NULL,'MSI','Gaming',1920,1080,35.8,24.8,2.8,2.33,'Black',15.6),(98,'LenovoV14','82C40106IH',64875,5139,NULL,NULL,'Lenovo','V14',1366,768,32.7,24.1,2,1.6,'Gray',14),(99,'AcerAspire5Slim','A515-54',44999,3799,5,2,'Acer','Aspire5Slim',1920,1080,25.1,36.3,1.8,1.8,'PureSilver',15.6),(100,'HP245G6','9WC72PA',NULL,NULL,5,1,'HP',NULL,1366,768,34,24,2.4,2,'Grey',14.1),(101,'ASUSTUFGamingFX505D','FX505DV-AL026T',104990,7999,4,55,'ASUS',NULL,NULL,NULL,26.2,36,2.6,2.2,NULL,15.6),(102,'HP15db1059au','db1059au ',34589,3199,3.3,5,'HP','15',1920,1080,24.6,37.6,2.3,1.8,'NaturalSilver',15.6),(103,'ASUSVivoBook14X409FA-EK555T','X409FA-EK555T',5299,4899,3.9,66,'ASUS','ASUS',1920,1080,21.6,32.5,2.3,1.6,'TRANSPARENTSILVER',14),(104,'DellInspiron5390','3090',7764,72499,NULL,NULL,'Dell',NULL,1920,1080,49,33,8,1.2,'PlatinumSilver',13.3),(105,'HP15Ryzen5','db1061au',39853,38683,3.5,11,'HP','15',1920,1080,24.6,37.6,2.3,1.8,'NaturalSilver',15.6),(106,'LenovoLegionY540','81SY00CBIN',124890,8399,4.2,7,'Lenovo','LegionY540',1920,1080,36.5,26,2.6,2.3,'Black',15.6),(107,'MSIGamingGE63RaiderR9SF-800IN2019','GE63RaiderR9SF-800IN-cr',194990,161492,NULL,NULL,'MSI','Gaming',1920,1080,38.3,26,3,2.62,'Black',16),(108,'ASUSTUFGamingA15','FA506II-AL117T',8499,7099,1,3,'ASUS','TUFGamingA15',1920,1080,25.6,35.9,2.5,2.3,'BonfireBlack',15.6),(109,'HP15seq0007au','eq0007au',NULL,NULL,4.1,54,'HP','15s',1920,1080,24.2,35.8,1.8,1.77,'NaturalSilver',15.6),(110,'ASUSTUFGamingFX705DT-AU016T','FX705DT-AU016T',9499,6299,3.9,27,'ASUS','TUFGaming',1920,1080,27.9,39.9,2.7,2.7,'GoldSteel',17.3),(111,'ASUSROGStrixGG531GD-BQ026T','G531GD-BQ026T',8499,6299,3.9,20,'ASUS','ROGStrixG',1920,1080,27.5,36,2.6,2.4,'Black',15.6),(112,'HP15di0001TU','di0001TU',26645,26625,4,15,'HP','15',1366,768,24.6,37.6,2.3,2.18,'Jetblack',15.6),(113,'CoconicsEnablerC1314','CNBIC-AA01',40,2925,5,4,'Coconics','CNBIC-AA01',1366,768,34.7,23.7,2.4,1.7,'Black',14),(114,'AcerNitro5AN515-54','AN515-54',89999,5999,3.5,3,'Acer','Nitro5',1920,1080,25.5,36.3,2.6,2.3,'Black',15.6),(115,'DellVostro3480','Vostro3480',NULL,NULL,3.4,1420,'Dell',NULL,NULL,NULL,24.2,33.9,2,1.7,NULL,14),(116,'DellInspiron3584','3584',4169,38999,NULL,NULL,'Dell',NULL,1920,1080,49,37,7,2,'Silver',15.6),(117,'HP250G7','7HC78PA',NULL,NULL,3.8,68,'HP',NULL,NULL,NULL,NULL,NULL,NULL,1.8,'Black',15.6),(118,'AppleMacBookPro','MacBookPro',NULL,179900,4.2,35,'Apple','MacBookPro',2560,1600,32.9,6.9,23.8,2.3,'Silver',13),(119,'HP15da0411tu','da0411tu',3442850,3399,3.9,9,'HP','15',1920,1080,24.6,37.6,2.3,1.77,'JetBlack',15.6),(120,'AcerSwift5','SF514-54T',109999,96149,5,5,'Acer','Swift5',1920,1080,21.1,31.8,1.5,9.89,'CharcoalBlue',14),(121,'DELLInspiron5593','5593',95695,941,3.6,10,'Dell','Inspiron',1920,1080,19.9,36.4,2.5,1.93,'PlatinumSilver',15.6),(122,'LenovoIdeapadS145','81VD008SIN',4329,3449,NULL,NULL,'Lenovo','IdeapadS145',1920,1080,36.2,25.1,2,1.85,'Grey',15.6),(123,'HP15RyzenR3','15-db0186AU',46,3789,3.3,1195,'HP',NULL,NULL,NULL,37.6,24.6,2.3,2.04,NULL,15.6),(124,'LenovoLegionY540','81SX00G7IN',162290,109990,5,1,'Lenovo','LegionY540',1920,1080,36.5,26,2.4,2.3,'Black',15.6),(125,'LenovoIdeapadC34081TK00GNIN','81TK00GNIN',NULL,NULL,4.4,3,'Lenovo',NULL,NULL,NULL,32.8,22.9,1.8,1.65,NULL,14),(126,'LenovoIdeapadS145','81MV00NBIN',NULL,NULL,3,7,'Lenovo','IdeapadS145',1366,768,36.2,25.1,2,1.85,'Black',15.6),(127,'LenovoV15','LenovoV15ADA82C7001WIH',2999,2599,NULL,NULL,'Lenovo',NULL,1366,768,25.1,36.2,2,1.85,'IRONGRAY',15.6),(128,'LifeDigitalZEDZedAirHGold','ZedAirHGold',21499,18113,5,2,'LifeDigital','ZED',1366,768,33.3,22,1,1.32,'Gold',14.1),(129,'HP240G7NotebookPC','HP240G7',34999,316,NULL,NULL,'HP',NULL,1366,768,45,30,8,2,'BLACK',14),(130,'AcerAspire3A315-42','A315-42',29999,2565,5,1,'Acer','Aspire3',1366,768,24.7,36.3,2,1.9,'Blue',15.6),(131,'DellInspiron5370','Inspiron5370',82445,75998,3.4,9,'Dell',NULL,NULL,NULL,21.9,32.3,1.5,1.4,'Silver',13.3),(132,'ASUSVivoBook15X512FA','X512FA-EJ548T',4499,3799,4.2,136,'ASUS','VivoBook15',1920,1080,23,35.7,1.9,1.7,'PeacockBlue',15.6),(133,'DELLLatitudeE5440','E5440-i5-4-240',109000,2999,NULL,NULL,'Dell','Latitude',1366,768,20,20,8,2,'Gray',14),(134,'HPPavilionGaming','15-dk0045TX',8185750,69989,4.3,103,'HP',NULL,NULL,NULL,36,25.6,2.3,2.25,NULL,15.6),(135,'MicrosoftSurfaceProX1876','1876',98999,9899,2.5,3,'Microsoft','SurfaceProX',2880,1800,28.7,20.8,0.7,7.76,'MatteBlack',13),(136,'AcerNitro7','AN715-51',129999,7799,4.1,8,'Acer',NULL,NULL,NULL,25.9,36.3,19.9,2.5,NULL,15.6),(137,'HP15da0414tu','da0414tu',36488,3499,3.8,141,'HP',NULL,NULL,NULL,24.6,37.6,2.3,1.77,NULL,15.6),(138,'AcerA515-51G',NULL,NULL,NULL,5,4,'Acer',NULL,NULL,NULL,NULL,NULL,NULL,3.33,NULL,15.6),(139,'Simmtronics',NULL,125,764,4.5,38,'Simmtronics',NULL,NULL,NULL,NULL,NULL,NULL,2.2,NULL,NULL),(140,'ASUSVivoBook15M509DA-EJ582T','M509DA-EJ582T',4499,3999,3.7,19,'ASUS','ASUS',1920,1080,23.5,36,2.3,1.9,'SlateGray',15.6),(141,'MSICreator15MA9SE-064IN','Creator15MA9SE-064IN',NULL,159990,NULL,NULL,'MSI','Prestige',1920,1080,35.9,25.4,2.1,1.86,'gray',15),(142,'DellInspiron5570','Inspiron5570',NULL,NULL,4.1,51,'Dell','Inspiron',1920,1080,25.8,38,2.3,2.5,'Silver',15.6),(143,'HP15seq0132AU','eq0132AU',65594,5999,NULL,NULL,'HP','15s',1920,1080,24.2,35.9,1.8,1.74,'NaturalSilver',15.6),(144,'HPPavilionGaming15-ec0026AX','15-ec0026AX',65484,5999,3.7,9,'HP','PavilionGaming',1920,1080,25.7,36,2.4,1.98,'ShadowBlack',15.6),(145,'AvitaMagusNS12T5IN002P','NS12T5IN002P',NULL,NULL,2.8,8,'AVITA','MAGUS',1920,1200,29.9,29.9,22.2,1.41,'CharcoalGrey',12.2),(146,'LenovoLegionY70009thgen','81V4000LIN',9299,74999,4.1,111,'Lenovo',NULL,NULL,NULL,36,26.7,2.6,2.3,NULL,15.6),(147,'DellInspiron5570','Inspiron5570',74993,5999,3.8,10,'Dell',NULL,1920,1080,25.8,38,2.3,2.5,'Silver',15.6),(148,'AcerSwift5','SF514-54T-cr',89999,59492,NULL,NULL,'Acer','Swift5',1920,1080,21.1,31.8,1.5,9.89,'CharcoalBlue',14),(149,'ASUSVivoBook14X409FJ-EK501T','X409FJ-EK501T',6099,5099,4.5,7,'ASUS','VivoBook',1920,1080,21.6,32.5,2.3,1.6,'TRANSPARENTSILVER',14),(150,'LenovoIdeapadC340','81N6006PIN',NULL,NULL,4.2,10,'Lenovo','IdeapadC340',1920,1080,32.8,22.9,1.8,1.65,'PlatinumGrey',14),(151,'HP14s14s','14s-CF0115TU',NULL,457,3.6,12,'HP','14s',1920,1080,22.6,32.4,2,1.43,'NaturalSilver',14),(152,'ASUSVivoBook15X512FA-EJ372T','X512FA-EJ372T',4899,39449,5,1,'ASUS','VivoBook15',1920,1080,23,35.7,2,1.7,'SlateGrey',15.6),(153,'DellVostro3580','3580',495,444,NULL,NULL,'Dell',NULL,1920,1080,49.7,33.7,8.3,2,'Black',15.6),(154,'LenovoV130','81HNA01KIH',36594,2999,3.7,89,'Lenovo','V130',1366,768,37.5,25.3,2.2,1.8,'Black',15.6),(155,'AcerNitro7','AN715-51',154999,8999,3.9,12,'Acer',NULL,NULL,NULL,26,36.3,2,2.5,NULL,15.6),(156,'LenovoV130','81HNA00TIH',592,3299,NULL,NULL,'Lenovo','V130-15IKB',1366,768,37.5,25.3,2.2,1.8,'gray',15.6),(157,'ASUSProArtStudioBookPro15MobileWorkstationLaptop','W500G5T-XS77',682508,481487,3.5,6,'ASUS','ProArtStudioBookPro15W500G5T',3840,2160,36,25.2,2.1,2,NULL,15.6),(158,'ASUSTUFGaming','FX705DT-AU092T',7799,5599,4.2,68,'ASUS','TUFGaming',1920,1080,27.9,39.9,2.7,2.7,'StealthBlack',17.3),(159,'LenovoV14','81YA002JIH',NULL,NULL,NULL,NULL,'Lenovo','V14',1366,768,32.7,24.1,2,1.6,'Gray',14),(160,'AmazonBasics','NC1303154H',1095,779,4.5,40578,'AmazonBasics',NULL,NULL,NULL,41.1,30,2,2.54,'Grey',15.6),(161,'HPPavilion1414-ce3024TX2019','14-ce3024TX',91703,8499,5,2,'HP','Pavilion14',1920,1080,22.6,32.7,1.8,1.6,'Mineralsilver',14),(162,'HPOmen','15-dc1092TX',9355350,7199,4.1,122,'HP',NULL,NULL,NULL,36,26.3,2.6,2.9,NULL,15.6),(163,'ASUSVivoBookX411QA-EK002T','X411QA-EK002T',3499,2496,2,1,'ASUS','VivoBook14',1920,1080,22.6,32.6,2,1.43,'Gold',14),(164,'LenovoIdeapad130','81H700CEIN',3769,302,NULL,NULL,'Lenovo','Ideapad130',1920,1080,37.8,26,2.3,2.3,'BLACK',15.6),(165,'CanonimageFORMULAP-208IIScan-tiniPersonalDocumentScanner','P-208II',11995,9649,3.5,35,'Canon',NULL,NULL,NULL,38.7,14.6,12.1,5.9,'Others',0.01),(166,'DellVostro3580','3580',62536,56884,NULL,NULL,'Dell',NULL,1920,1080,49.7,33.4,8.3,2,'Black',15.6),(167,'ASUSZenBook13UX334FL-A5822TS','UX334FL-A5822TS',105990,8999,NULL,NULL,'ASUS','ZenbookClassic',1920,1080,18.9,30.2,1.8,1.27,'IcicleSilver',13.3),(168,'HP15seq0024au','eq0024au',457,4199,3.8,7,'HP','15s',1920,1080,24.2,35.8,1.8,1.7,'NaturalSilver',15.6),(169,'ASUSVivoBook15X512FA','X512FA-EJ547T',4299,3699,4.3,32,'ASUS','VivoBook15',1920,1080,23,35.7,1.9,1.7,'CoralCrush',15.6),(170,'SellZone','ToshibaSatelliteC600C640LaptopLCDS',NULL,NULL,NULL,NULL,'SellZone',NULL,NULL,NULL,NULL,NULL,NULL,NULL,NULL,NULL),(171,'SellZone','Asus1005SeriesLaptopScreenHinge(L',NULL,NULL,NULL,NULL,'SellZone',NULL,NULL,NULL,NULL,NULL,NULL,NULL,NULL,NULL),(172,'SellZone','ToshibaSatelliteC600SeriesLaptopScr',NULL,NULL,NULL,NULL,'SellZone',NULL,NULL,NULL,NULL,NULL,NULL,NULL,NULL,NULL),(173,'SellZone','IBMLenovoG560G565SeriesLaptopScree',NULL,NULL,NULL,NULL,'SellZone',NULL,NULL,NULL,NULL,NULL,NULL,NULL,NULL,NULL),(174,'Belkin','F4U092btSGY',9999,7962,4.3,307,'Belkin','USB-CMultimediaHub',NULL,NULL,27.7,5,1.5,1.09,'Gray',NULL),(175,'SellZone','LenovoC460SeriesLaptopScreenHinge(',NULL,NULL,NULL,NULL,'SellZone',NULL,NULL,NULL,NULL,NULL,NULL,NULL,NULL,NULL),(176,'SellZone','LenovoL412SeriesLaptopScreenHinge(',NULL,NULL,NULL,NULL,'SellZone',NULL,NULL,NULL,NULL,NULL,NULL,NULL,NULL,NULL),(177,'HP15','15-da0326tu-cr',30399,23999,2.5,7,'HP',NULL,1920,1080,37.6,24.6,2.3,2.04,'Silver',15.6),(178,'LenovoT430s','T430s',5999,2899,NULL,NULL,'Lenovo',NULL,1600,900,34.8,23.1,3.2,1.89,'Black',14),(179,'LenovoIdeapadS145',NULL,51409,32839,2.8,2,'Lenovo',NULL,NULL,NULL,NULL,NULL,NULL,1.85,NULL,15.6),(180,'MSIGamingGL659SDK-214IN','GL659SDK-214IN',119990,118900,4.3,11,'MSI','Gaming',1920,1080,35.7,24.8,2.8,2.3,'Black',15.6),(181,'ASUSVivoBook','S532FL-BQ702T',9599,8399,4.1,36,'ASUS',NULL,NULL,NULL,23,35.7,1.8,1.8,NULL,15.6),(182,'Amazon','NC1407073G',1099,699,4.5,40578,'AmazonBasics',NULL,NULL,NULL,43.9,32,2,3.45,'Purple',17.3),(183,'HPPavilionx360Core','14-dh1011TU',88194,78985,3.7,19,'HP',NULL,NULL,NULL,22.3,32.4,2.1,1.59,NULL,14),(184,'Lenovo',NULL,3999,2699,1,2,'RS',NULL,NULL,NULL,NULL,NULL,NULL,2.4,NULL,NULL),(185,'AcerNitro5AN515-52','AN515-52',109999,6099,1,1,'Acer','Nitro5',1920,1080,26.6,39,2.7,2.7,'Black',15.6),(186,'HPNotebookPC245G7','HP245G7',NULL,NULL,3.6,73,'HP','245G7',1366,768,23.4,33.5,2,1.52,'Black',14.1),(187,'HP14','14-bf120TU',72569,5699,3.4,87,'HP','HP14bfseries',1920,1080,32.4,22.8,2,1.54,'SilkGold',14),(188,'SellZoneLaptop','LenovoG50-30/G50-45/G50-70/G50-80/2',1999,999,4,40,'SellZone',NULL,NULL,NULL,18,14,4,3.49,NULL,NULL),(189,'SellZone','DellInspiron15RN5110SeriesLaptopSc',1403,915,NULL,NULL,'SellZone',NULL,NULL,NULL,NULL,NULL,NULL,NULL,NULL,NULL),(190,'DellLatitudeE6440','E6440-i5-8-240',9499,3199,NULL,NULL,'Dell','Latitude',1366,768,20,20,8,2.4,'Silver',14),(191,'ASUSTUFGamingA15Laptop','FA566II-HN230T',9899,7589,2.1,3,'ASUS','TUFGamingA15',1920,1080,25.6,35.9,2.5,2.3,'FortressGray',15.6),(192,'LenovoIdeapadS540','81NE0020IN',7999,6299,4.2,90,'Lenovo',NULL,NULL,NULL,35.8,24.4,1.7,1.8,NULL,15.6),(193,'Amazon','DLB111-US290',31,1999,4.6,1231,'AmazonBasics',NULL,NULL,NULL,45.6,11.5,51,2.54,'Black',NULL),(194,'LenovoL430','L430',21499,20899,NULL,NULL,'Lenovo',NULL,1366,768,35,24,3.1,2.3,'Black',14.1),(195,'LenovoV130','81HQ00ERIH',45,30,3.4,79,'Lenovo','V130-14IKB',1366,768,34.3,24.7,2,1.55,'gray',14),(196,'AssemblyLaptop','Neeson_Teal',NULL,2499,NULL,NULL,'THEASSEMBLY',NULL,NULL,NULL,38.1,7.6,29.2,3.99,NULL,NULL),(197,'AsusX409JA-EK592T','X409JA-EK592T',6099,51235,NULL,NULL,'ASUS',NULL,1920,1080,32.5,21.6,2.3,1.5,'Grey',14),(198,'Amazon','NC1506106R2',2095,779,4.2,2232,'AmazonBasics',NULL,NULL,NULL,35.1,26.2,1,1.81,'LightGrey',13),(199,'ASUSVivoBook15X510UA','X510UA-EJ1223T',4899,359,3.3,83,'ASUS','Vivobook15',1920,1080,24.3,36.1,1.9,1.7,'Grey',15.6),(200,'LenovoIdeaPadS145','81MV009HIN',NULL,NULL,3.6,5,'Lenovo',NULL,1920,1080,NULL,NULL,NULL,1.85,NULL,15.6),(201,'MicrosoftSurfaceLaptop','VGY-00001',124699,112999,4.1,68,'Microsoft',NULL,1080,NULL,34.3,5.1,25.4,1.54,'PlatinumwithAlcantara',13.5),(202,'HP15',NULL,44910,38989,NULL,NULL,'HP',NULL,NULL,NULL,NULL,NULL,NULL,NULL,NULL,15.6),(203,'LenovoV130-Celeron3865U',NULL,289,2599,1,2,'Lenovo',NULL,NULL,NULL,NULL,NULL,NULL,2.1,'black',15.6),(204,'ASUSROGZephyrusMGU502GU-ES003T','GU502GU-ES003T',149990,127990,4.1,38,'ASUS',NULL,NULL,NULL,25.2,36,2,1.93,NULL,15.6),(205,'ONSITE',NULL,999,449,4,352,'ONSITEGO',NULL,NULL,NULL,NULL,NULL,NULL,9,NULL,NULL),(206,'Amazon','NC1506164F',1695,679,4.5,40578,'AmazonBasics',NULL,NULL,NULL,34.3,24.4,2,1.95,'Blue',13.3),(207,'ASUSTUFGamingFX505DY-BQ024T','FX505DY-BQ024T',NULL,NULL,4.2,32,'ASUS','TUFGaming',1920,1080,26.2,36,2.7,2.2,'BlackPlastic',15.6),(208,'SellZone','Lenovo2049SeriesLaptopScreenHinge(',NULL,NULL,NULL,NULL,'SellZone',NULL,NULL,NULL,NULL,NULL,NULL,NULL,NULL,NULL),(209,'LenovoIdeaPadS34081VW00CVIN','81VW00CVIN',95,605,4.6,17,'Lenovo','IdeaPadS340',1920,1080,35.8,24.5,1.8,1.79,'PlatinumGrey',15.6),(210,'DellInspiron153584',NULL,NULL,NULL,3.5,40,'Dell',NULL,1920,1080,25.8,38,2,2,'silver',15.6),(211,'ASUSZenBookProDuoUX581GV-H2036T','UX581GV-H2036T',254990,225990,4,15,'ASUS',NULL,NULL,NULL,24.6,35.9,2.4,2.5,NULL,15.6),(212,'HP15','DA0077TX',NULL,NULL,3.8,172,'HP',NULL,NULL,NULL,37.6,24.6,2.3,2.04,NULL,NULL),(213,'AcerAspire3','A315-54',NULL,NULL,4.2,323,'Acer','Aspire3Thin',1920,1080,24.7,36.3,1.9,1.9,'ShaleBlack',15.6),(214,'AsusX409JA-EK591T','X409JA-EK591T',NULL,NULL,NULL,NULL,'ASUS',NULL,1920,1080,32.5,21.6,2.3,1.5,'Silver',14),(215,'ASUSVivoBook15X510UN-EJ329T','X510UN-EJ329T',7499,55999,3.3,37,'ASUS','Vivobook',1920,1080,24.3,36.1,1.9,1.7,'Grey',15.6),(216,'ASUSVivoBook15X512DA-EJ503T','X512DA-EJ503T',5499,4699,4.5,102,'ASUS','VivoBook15',1920,1080,23,35.7,2,1.6,'PeacockBlue',15.6),(217,'OnsiteGo2Year','2OSL150200',7099,6599,3.7,24,'ONSITEGO','2OSL150200',NULL,NULL,NULL,NULL,NULL,NULL,'multicolour',NULL),(218,'ONSITEGO2Year',NULL,1499,799,4,150,'ONSITEGO',NULL,NULL,NULL,NULL,NULL,NULL,9,NULL,NULL),(219,'DellInspiron3585','Y1S88PA',NULL,NULL,5,1,'Dell',NULL,1366,768,NULL,NULL,NULL,2,'Silver',15.6),(220,'MSIPrestige14A10RB-038IN','Prestige14A10RB-038IN',NULL,109990,NULL,NULL,'MSI','Prestige',1920,1080,31.9,21.5,1.6,1.29,'gray',14),(221,'HPNew2020','7RP94UA',84558,59653,4,46,'HP',NULL,1920,1080,32.4,22.5,1.8,1.97,NULL,14),(222,'ONSITEGO1Year',NULL,999,349,3.9,526,'ONSITEGO',NULL,NULL,NULL,NULL,NULL,NULL,9,NULL,NULL),(223,'AcerAspire','A315-51-52ZD',6999,4899,NULL,NULL,'Acer',NULL,1080,NULL,38.2,25.9,2.1,2.2,'Black',15.6),(224,'ASUSZenBook13UX334FL-A5821TS','UX334FL-A5821TS',109990,9099,NULL,NULL,'ASUS','ZenbookClassic',1920,1080,18.9,30.2,1.8,1.27,'RoyalBlue',13.3),(225,'OnsiteGo2Year','2OSL0020',4949,2999,3.5,25,'ONSITEGO','2OSL0020',NULL,NULL,NULL,NULL,NULL,1.8,NULL,NULL),(226,'LenovoIdeaPadS14581VD007AIN',NULL,4219,3099,NULL,NULL,'Lenovo',NULL,NULL,NULL,NULL,NULL,NULL,2.2,NULL,NULL),(227,'ASUSVivoBook15X512FL-EJ701T','X512FL-EJ701T',7999,6779,3.3,6,'ASUS','VivoBook15',1920,1080,23,35.7,2,1.75,'TransparentSilver',15.6),(228,'DellInspiron7570','7570-9945',101990,99999,5,2,'Dell',NULL,NULL,NULL,36.1,24.5,1.9,2,'Silver',15.6),(229,'SellZoneLaptop','DellXPSM1330',7632,4774,NULL,NULL,'SellZone',NULL,NULL,NULL,NULL,NULL,NULL,NULL,NULL,NULL),(230,'SellZoneLaptop','G-50G50-70',3032,1899,NULL,NULL,'SellZone',NULL,NULL,NULL,NULL,NULL,NULL,NULL,NULL,NULL),(231,'Amazon','L6LUC160-CS-R',11,549,4.4,7718,'AmazonBasics',NULL,NULL,NULL,12.4,7.1,2,NULL,NULL,NULL),(232,'Amazon','AZDPHD03',795,629,4.2,8573,'AmazonBasics',NULL,NULL,NULL,91.4,2,1.2,5.4,NULL,NULL),(233,'LenovoIdeapad330','81DE01MJIN',NULL,NULL,4,19,'Lenovo','Ideapad330',1366,768,37.8,26,2.3,2.2,'OnyxBlack',15.6),(234,'OnsiteGo2Year','2OSL100150',5499,4999,3.7,9,'ONSITEGO','2OSL100150',NULL,NULL,NULL,NULL,NULL,9,NULL,NULL),(235,'Amazon','15M8',445,419,4.6,10504,'AmazonBasics',NULL,NULL,NULL,16,11,3.5,1.04,NULL,NULL),(236,'AcerAspire5UN','UN,GSYSI,003_01-cr',45999,279,NULL,NULL,'Acer','Aspire5',1366,768,25.9,38.1,20.8,2.1,'ObsidianBlack',15.6),(237,'HP15da0447TX',NULL,50491,36724,2.5,8,'HP',NULL,NULL,NULL,NULL,NULL,NULL,NULL,NULL,15.6),(238,'HP','Y0T74PA',37297,328,1,1,'HP',NULL,NULL,NULL,38.4,25.5,2.4,1.96,'Black',15.6),(239,'HPElitebook840G6','840G6',195000,137900,NULL,NULL,'HP','Elitebook',1920,1080,23.4,32.6,1.8,1.48,'Silver',14),(240,'ASUSVivoBook14X403FA-EB021T','X403FA-EB021T',6999,5899,4.3,58,'ASUS','VivoBook14',1920,1080,20.8,32.3,1.7,1.35,'SilverandBlue',14),(241,'Moneyplant',NULL,1476,650,4,1,'Moneyplant',NULL,NULL,NULL,NULL,NULL,NULL,4.31,'Black',NULL),(242,'ASUSZenBook13UX333FA-A5822TS','UX333FA-A5822TS',110990,8899,NULL,NULL,'ASUS','ZenbookClassic',1920,1080,18.9,30.2,1.8,1.27,'IcicleSilver',13.3),(243,'HP15','15-da0327tu',40973,36999,3.2,500,'HP',NULL,NULL,NULL,37.6,24.6,2.3,2.1,NULL,15.6),(244,'AsusX541UA-DM1295D','X541UA-DM1295D',NULL,NULL,2.5,22,'ASUS',NULL,1920,1080,50,30,6,2,'Silver',15.6),(245,'Moneyplant',NULL,264,1145,NULL,NULL,'Moneyplant',NULL,NULL,NULL,NULL,NULL,NULL,6.8,'Colour',NULL),(246,'MicrosoftSurfaceLaptop','1873',NULL,116999,NULL,NULL,'Microsoft','Laptop3',2496,1664,33.9,24.4,1.5,1.54,'Platinum',15),(247,'ASUSROGG703','G703GXR-EV078R',NULL,399990,5,4,'ASUS','ROGG703',1920,1080,31.9,42.5,5.1,4.7,'Aluminum',17.3),(248,'LenovoV13081HQA034IH2019','81HQA034IH',345,2929,4,4,'Lenovo','V130',1366,768,34.3,24.7,2,1.55,'Gray',14),(249,'ASUSROGZephyrusGGA502DU-AL025T','GA502DU-AL025T',NULL,9499,5,1,'ASUS','ROGZephyrusG',1920,1080,25.2,36,2,2.19,'Black',15.6),(250,'HP15IntelCeleronDualCor','4ST42PA',NULL,NULL,4.2,3,'HP',NULL,1366,768,37.6,24.6,2.3,1.77,'Black',15.6),(251,'Moneyplant85A',NULL,122,595,NULL,NULL,'Moneyplant',NULL,NULL,NULL,NULL,NULL,NULL,6.71,'Black',NULL),(252,'LenovoIdeapad130AMDA9-9425','81H50040IN',NULL,NULL,3,26,'Lenovo','Ideapad130',1366,768,37.5,25.3,2.3,2.1,'BLACK',15.6),(253,'ASUSVivoBook15X512FA-EJ371T','X512FA-EJ371T',4899,39799,4.3,4,'ASUS','VivoBook15',1920,1080,23,35.7,2,1.7,'TransparentSilver',15.6),(254,'HPPavilion14-CE1000TX2018','14-CE1000TX',75486,5899,3.2,6,'HP',NULL,NULL,NULL,32.7,22.2,1.8,1.6,NULL,14),(255,'LenovoV13081HNA01AIH2019','81HNA01AIH',37597,2785,3.5,17,'Lenovo','V130',1366,768,37.5,25.3,2.2,1.8,'Gray',15.6),(256,'AcerNitro7','AN715-51',129999,7999,3.9,9,'Acer',NULL,NULL,NULL,25.9,36.3,19.9,2.5,NULL,15.6),(257,'AcerOne14Z2-485','Z2-485',35,298,5,1,'Acer',NULL,1366,768,34,24.5,2.4,1.8,'Silver',14),(258,'LenovoIdeapadL340','81LK004LIN',8459,6699,3.7,37,'Lenovo',NULL,NULL,NULL,36.3,25.4,2.4,2.2,NULL,15.6),(259,'SellZone','HPPavilionG6-2000SeriesLaptopScreen',NULL,NULL,NULL,NULL,'SellZone',NULL,NULL,NULL,NULL,NULL,NULL,NULL,NULL,NULL),(260,'SellZone','DellLatitudeD820SeriesLaptopScreen',NULL,NULL,NULL,NULL,'SellZone',NULL,NULL,NULL,NULL,NULL,NULL,NULL,NULL,NULL),(261,'SellZone','LenovoTHINKPADEdgeE420E425Laptop14',NULL,NULL,NULL,NULL,'SellZone',NULL,NULL,NULL,NULL,NULL,NULL,NULL,NULL,14),(262,'SellZone','AcerAspire4920zSeriesLaptopScreenH',NULL,NULL,NULL,NULL,'SellZone',NULL,NULL,NULL,NULL,NULL,NULL,NULL,NULL,NULL),(263,'AcerNitro5AN515-54','AN515-54',79999,5699,3,2,'Acer','Nitro5',1920,1080,25.5,36.3,2.6,2.3,'ObsidianBlack',15.6),(264,'AcerAspire5Slim','A515-54G',69999,5499,3.8,5,'Acer','Aspire5Slim',1920,1080,25.1,36.3,1.8,1.8,'PureSilver',15.6),(265,'ASUSVivoBook15X505ZA-EJ505T','X505ZA-EJ505T',NULL,3499,3.6,285,'ASUS','Vivobook15',1920,1080,24.4,36.1,1.9,1.6,'DarkGray',15.6),(266,'HP14Laptop','14-DK0093AU',49209,4899,3.8,10,'HP','14',1920,1080,22.6,32.4,2,1.47,'NaturalSilver',14),(267,'DellAlienwareM15R2','M15R2',NULL,NULL,4.1,5,'Dell','Alienware',1920,1080,27.5,36.3,1.8,2.16,'LunarLight',15.6),(268,'Lenovo80X200ELIN','80X200ELIN',NULL,NULL,4,3,'Lenovo','IdeaPad520S-14IKB',1920,1080,32.7,23.6,1.9,1.7,NULL,14),(269,'LenovoT49020RYS01H002019','20RYS01H00',NULL,NULL,NULL,NULL,'Lenovo','T490',1920,1080,32.9,22.7,1.8,1.55,'Black',14),(270,'LenovoT49020RYS01K002019','20RYS01K00',137400,133032,NULL,NULL,'Lenovo','T490',1920,1080,32.9,22.7,1.8,1.55,'Black',14),(271,'DellGSeriesG7A-75881','DellGSeriesG77588',187166,145000,5,8,'Dell','GSeries',1920,1080,27.5,38.9,2.5,2.5,'Black',15.5),(272,'LenovoLegionY540','81SY00EVIN',136690,9199,4.3,152,'Lenovo',NULL,NULL,NULL,36.5,26,2.6,2.3,NULL,15.6),(273,'HPNotebookPC340SG7','340SG7',110000,859,NULL,NULL,'HP','NotebookPC',1366,768,22.5,32.4,1.8,1.47,'AshSilver',14),(274,'LenovoIdeapadS145','81MV00M3IN',295,2699,3.2,32,'Lenovo','IdeapadS145',1366,768,36.2,25.1,2.1,1.85,'PlatinumGray',15.6),(275,'SellZoneLaptop','LenovoB590',8676,6674,5,1,'SellZone',NULL,NULL,NULL,NULL,NULL,NULL,3.49,NULL,NULL),(276,'LaptopwithMiceBundleTest',NULL,NULL,56028,NULL,NULL,'AVITA',NULL,NULL,NULL,NULL,NULL,NULL,NULL,NULL,14),(277,'DellInspiron153583','DellInspiron153583Laptop',NULL,NULL,2.6,31,'Dell',NULL,1366,768,25.8,38,2,1.9,'SILVER',15.6),(278,'LifeDigitalZEDZedNoteIIGold','ZedNoteIIGold',21299,17045,1,2,'LifeDigital','ZED',1920,1080,31,21.4,1,1.45,'Gold',13.3),(279,'HP15','HP15-BS658TX',4299,385,3.7,138,'HP','HP15',1920,1080,38,25.4,2.4,2.1,'Sparklinlack',15.6),(280,'Zebronics600vaUPS-U725','U725',1999,1887,3.4,573,'Zebronics',NULL,NULL,NULL,32.4,14,22,4.7,'Black',NULL),(281,'GP65Leopard9SD-459','GP65Leopard9SD-459IN',NULL,104990,1,3,'MSI','Gaming',1920,1080,35.7,24.8,2.8,2.33,'Black',15),(282,'AcerAspire3A315-31','AcerA315-31',24999,17499,2.9,65,'Acer',NULL,1366,768,26.2,38.1,2.1,2.3,'Black',15.6),(283,'AVITAPURANS14A6INF561-MEGYB','NS14A6INF561-MEGYB',4899,4099,4,2,'AVITA',NULL,NULL,NULL,33.2,33.2,22.1,1.34,NULL,14),(284,'ASUSTUFGamingFX505DT','FX505DT-AL202T',7999,6099,4.3,469,'ASUS',NULL,NULL,NULL,26.2,36,2.6,2.2,NULL,15.6),(285,'LifeDigitalZEDZedAir','ZedAirH2OSilver',24999,21075,5,2,'LifeDigital','ZED',1366,768,33.3,22,1,1.32,'Silver',14.1),(286,'HP15db1060','db1060au ',38683,339,2.6,3,'HP','15',1920,1080,24.5,36.1,1.8,2.04,'NaturalSilver',15.6),(287,'ASUSVivoBook15M509DA-EJ562TAMD','M509DA-EJ562T',49999,35489,4,14,'ASUS','VivoBook15',1920,1080,23.5,36,23.5,2.29,'SlateGray',15.6),(288,'LenovoIdeapadC340','81N60042IN',5869,4099,3.5,6,'Lenovo','IdeapadC340',1920,1080,32.8,22.9,1.8,1.65,'PLATINUM',14),(289,'DELLInspiron3584','3584',44367,3999,5,3,'Dell','Inspiron',1920,1080,24,38,2.1,2.2,'Silver',15.6),(290,'Moshi99MO071908','99MO071908',916,7049,3.2,25,'Moshi',NULL,NULL,NULL,35.2,24.3,1.5,2.72,'Clear',NULL),(291,'HPPavilionGaming15','15-ec0028AX',83358,7449,5,2,'HP','PavilionGaming',1920,1080,25.7,36,2.4,1.98,'ShadowBlack',15.6),(292,'DellInspiron7380','N7380',95361,6399,3.2,6,'Dell',NULL,NULL,NULL,21.6,31,1.5,1.33,NULL,13.3),(293,'WacomMobileStudioPro13','DTHW1321H',235000,234999,NULL,NULL,'Wacom',NULL,NULL,NULL,NULL,NULL,NULL,4.7,'Black',13.3),(294,'LenovoX39020SCS01H002019','20SCS01H00',215000,169900,NULL,NULL,'Lenovo','X390',1920,1080,31.2,21.7,1.7,1.29,'black',13.3),(295,'HP15','di2000tu',51042,4999,4.2,10,'HP','15',1920,1080,24.6,37.6,2.3,1.85,'Sparklinlack ',15.6),(296,'HP15','du1034TU',57396,51999,3.7,5,'HP','15s',1920,1080,24.2,35.9,2,1.74,'NaturalSilver',15.6),(297,'DellInspiron7386','N7386',88582,65999,3.2,6,'Dell',NULL,NULL,NULL,21.3,30.8,1.4,1.4,NULL,13.3),(298,'LenovoLegionY540','81SX00G6IN',178690,122990,4.3,37,'Lenovo',NULL,NULL,NULL,36.5,26,2.6,2.3,NULL,15.6),(299,'AcerSwift5','SF514-54T',89999,6999,3.7,7,'Acer','Swift5',1920,1080,21.1,31.8,1.5,9.89,'CharcoalBlue',14),(300,'AcerAspire5Slim','A515-52K',39999,36666,4,69,'Acer','Aspire5Slim',1920,1080,24.8,36.3,1.8,1.8,'ObsidianBlack',15.6),(301,'HPPavilion15','15-cs3006tx',7299,679,4.2,28,'HP','Pavilion',1920,1080,24.5,36.2,1.8,1.85,'MineralSilver',15.6),(302,'ASUSVivoBook15X509FJ-EJ501T','X509FJ-EJ501T',59999,541,4.4,24,'ASUS','ASUS',1920,1080,23.5,36,2.3,1.9,'TRANSPARENTSILVER',15.6),(303,'LenovoIdeapadS145','81VD008GIN',4259,3299,3.4,150,'Lenovo',NULL,NULL,NULL,36.2,25.2,2,1.85,NULL,15.6),(304,'LenovoThinkPadE14','20RAS0S800',85001,6099,3.7,16,'Lenovo',NULL,NULL,NULL,32.5,23.2,2.1,1.77,NULL,14),(305,'LenovoIdeapadS1457','81VD002PIN',4139,313,3.6,49,'Lenovo','IdeapadS145',1920,1080,36.2,25.1,2,1.85,'BLACK',15.6),(306,'HPPavilionGaming','dk0261TX',70162,6299,NULL,NULL,'HP','15',1920,1080,25.6,36,2.3,2.23,'ShadowBlack',15.6),(307,'DellInspiron3584','3584',NULL,NULL,2.7,134,'Dell','Inspiron',1366,768,24,38,2.1,2.2,'Silver',15.6),(308,'AcerNitro5AN515','AN515-43',79999,5299,4.2,5,'Acer','Nitro5',1920,1080,25.5,36.3,2.6,2.3,'ObsidianBlack',15.6),(309,'LenovoIdeapadS145','81UT0079IN',4889,3799,3.6,39,'Lenovo','IdeapadS145',1920,1080,36.2,25.2,2,1.85,'BLACK',15.6),(310,'LenovoIdeapadS1458','81VD0086IN',3979,3299,3.4,318,'Lenovo',NULL,NULL,NULL,36.2,25.1,2,1.85,NULL,15.6),(311,'ASUSVivoBook15X505ZA-EJ509TAMD','X505ZA-EJ509T',4399,4099,3.8,61,'ASUS','Vivobook15',1920,1080,24.4,36.1,1.9,1.6,'IcicleGold',15.6),(312,'LenovoIdeapadSlim','81WD0045IN',5569,39298,NULL,NULL,'Lenovo','IdeapadSlim3i',1920,1080,32.7,24.1,2,1.5,'PLATINUMGREY',14),(313,'DellInspiron3584',NULL,NULL,NULL,4,9,'Dell',NULL,1920,1080,NULL,NULL,NULL,2.98,'Silver',15.6),(314,'HP14Scr2000TX14','cr2000TX',69092,6399,4.2,30,'HP','14S',1920,1080,22.5,32.4,2,1.47,'NaturalSilver',14),(315,'HPEliteBook1040G314','EliteBook1040G3-cr',58999,52999,NULL,NULL,'HP',NULL,1920,1080,35,29,3.2,1.9,'Black',14),(316,'LenovoV14','81YA002GIH',39,3099,NULL,NULL,'Lenovo','V14',1366,768,32.7,24.1,2,1.6,'Gray',14),(317,'AcerAspire5SlimA515','A515-43',4499,3699,3.6,19,'Acer','Aspire5Slim',1920,1080,24.7,36.3,1.8,1.8,'Silver',15.6),(318,'DellVostro548114','5481-cr',63217,40792,NULL,NULL,'Dell','Vostro',1920,1080,20,12.9,9.2,2.52,'Silver',14),(319,'LenovoIdeapadS540','81ND00FSIN',102090,7099,NULL,NULL,'Lenovo','IdeapadS540',1920,1080,32.3,22.7,1.6,1.5,'MinerayGrey',14),(320,'ASUSVivoBookX510QA-EJ202TAMD','X510QA-EJ202T',3899,3399,4,6,'ASUS','VivoBook15',1920,1080,24.3,36.1,1.9,1.7,'Gold',15.6),(321,'HP15qds0058TU','ds0058TU',38594,3499,3.3,751,'HP',NULL,NULL,NULL,24.6,37.6,2.3,1.77,NULL,15.6),(322,'LifeDigitalZEDZEDAIR','ZEDAIR3',23999,17315,3.4,3,'LifeDigital','ZED',1920,1080,31.8,21,0.7,1.45,'Silver',13.3),(323,'LenovoIdeapadSlim','81WD00AVIN',7239,51058,NULL,NULL,'Lenovo','IdeapadSlim3i',1920,1080,32.7,24.1,2,1.5,'PLATINUMGREY',14),(324,'LenovoIdeapadS1458','81VD0082IN',3769,2999,3.3,275,'Lenovo',NULL,NULL,NULL,36.2,25.1,2,1.85,NULL,15.6),(325,'LenovoV14','82C40104IH',48,3849,NULL,NULL,'Lenovo','V14',1366,768,32.7,24.1,2,1.6,'Gray',14),(326,'HP15sLaptop','eq0063AU',36344,3299,4.2,11,'HP','15s',1920,1080,24.2,35.8,1.7,1.77,'NaturalSilver',15.6),(327,'LenovoIdeapadS14510','81W800HFIN',6499,5299,NULL,NULL,'Lenovo','IdeapadS145',1920,1080,36.2,25.1,2,1.85,'Grey',15.6),(328,'LenovoIdeapadS14581','81UT00EGIN',5429,41494,3.6,10,'Lenovo','IdeapadS145',1920,1080,36.2,25.1,2,1.85,'Grey',15.6),(329,'LenovoIdeapadSlim3i','81WE007UIN',6169,4458,NULL,NULL,'Lenovo','IdeapadSlim3i',1920,1080,36.2,25.3,2,1.85,'PLATINUMGREY',15.6),(330,'AcerAspire3A315','A315-21',29999,21274,NULL,NULL,'Acer','Aspire3',1366,768,25.9,38.1,2.1,2.1,'Black',15.6),(331,'HPPavilionGaming','15-bc504TX',69071,5899,3.7,430,'HP',NULL,NULL,NULL,36.5,25.7,2.5,2.17,NULL,15.6),(332,'DellLatitudeE547014','E5470-cr',84999,39999,NULL,NULL,'Dell','E5470-cr',1366,768,14,12,10,2,'Black',14),(333,'ASUSVivoBook15X509FA-EJ341T15','X509FA-EJ341T',3999,29999,4.4,8,'ASUS','VivoBook15',1920,1080,23.5,36,2.3,1.9,'TransparentSilver',15.6),(334,'LenovoIdeaPadS34081','81VW00CVIN',95,605,4.6,17,'Lenovo','IdeaPadS340',1920,1080,35.8,24.5,1.8,1.79,'PlatinumGrey',15.6),(335,'HP15TouchscreenLaptop','ds0043tu',42911,3799,3.5,264,'HP',NULL,NULL,NULL,37.6,24.6,2.3,2.18,NULL,15.6),(336,'LenovoIdeapadS340','81VV008TIN',79,64,3.7,46,'Lenovo',NULL,NULL,NULL,32.3,23,1.8,1.55,NULL,14);
/*!40000 ALTER TABLE `laptop` ENABLE KEYS */;
UNLOCK TABLES;

--
-- Table structure for table `laptop_has_hardware`
--

DROP TABLE IF EXISTS `laptop_has_hardware`;
/*!40101 SET @saved_cs_client     = @@character_set_client */;
/*!50503 SET character_set_client = utf8mb4 */;
CREATE TABLE `laptop_has_hardware` (
  `Laptop_idLaptop` int NOT NULL,
  `Hardware_idHardware` int NOT NULL,
  PRIMARY KEY (`Laptop_idLaptop`,`Hardware_idHardware`),
  KEY `fk_Laptop_has_Hardware_Hardware1_idx` (`Hardware_idHardware`),
  KEY `fk_Laptop_has_Hardware_Laptop1_idx` (`Laptop_idLaptop`),
  CONSTRAINT `fk_Laptop_has_Hardware_Hardware1` FOREIGN KEY (`Hardware_idHardware`) REFERENCES `hardware` (`idHardware`),
  CONSTRAINT `fk_Laptop_has_Hardware_Laptop1` FOREIGN KEY (`Laptop_idLaptop`) REFERENCES `laptop` (`idLaptop`)
) ENGINE=InnoDB DEFAULT CHARSET=utf8;
/*!40101 SET character_set_client = @saved_cs_client */;

--
-- Dumping data for table `laptop_has_hardware`
--

LOCK TABLES `laptop_has_hardware` WRITE;
/*!40000 ALTER TABLE `laptop_has_hardware` DISABLE KEYS */;
INSERT INTO `laptop_has_hardware` VALUES (1,1),(2,2),(252,2),(305,2),(3,3),(121,3),(289,3),(4,4),(44,4),(56,4),(63,4),(67,4),(78,4),(100,4),(128,4),(131,4),(137,4),(157,4),(203,4),(204,4),(219,4),(226,4),(238,4),(278,4),(281,4),(285,4),(304,4),(315,4),(321,4),(322,4),(332,4),(5,5),(126,5),(309,5),(6,6),(7,7),(8,8),(22,8),(65,8),(164,8),(312,8),(319,8),(323,8),(329,8),(9,9),(10,10),(11,10),(14,10),(21,10),(23,10),(33,10),(36,10),(37,10),(43,10),(66,10),(101,10),(115,10),(145,10),(177,10),(180,10),(201,10),(210,10),(211,10),(247,10),(282,10),(283,10),(284,10),(331,10),(335,10),(12,11),(13,12),(69,12),(79,12),(263,12),(308,12),(15,13),(306,13),(16,14),(31,14),(41,14),(45,14),(51,14),(59,14),(92,14),(123,14),(146,14),(181,14),(192,14),(200,14),(254,14),(258,14),(272,14),(274,14),(277,14),(298,14),(336,14),(17,15),(18,15),(25,15),(28,15),(29,15),(38,15),(84,15),(125,15),(134,15),(141,15),(197,15),(212,15),(214,15),(220,15),(243,15),(292,15),(293,15),(303,15),(310,15),(324,15),(19,16),(68,16),(112,16),(143,16),(20,17),(30,17),(32,17),(24,18),(26,19),(86,19),(161,19),(301,19),(27,20),(34,21),(35,22),(103,22),(167,22),(224,22),(242,22),(287,22),(302,22),(39,23),(40,24),(42,25),(62,25),(151,25),(187,25),(46,26),(47,27),(50,27),(70,27),(80,27),(91,27),(110,27),(48,28),(49,29),(119,29),(52,30),(53,30),(60,30),(54,31),(55,32),(57,33),(64,33),(93,33),(144,33),(291,33),(58,34),(61,35),(77,35),(71,36),(328,36),(72,37),(98,37),(159,37),(316,37),(325,37),(73,38),(97,38),(74,39),(130,39),(75,40),(76,41),(107,41),(129,41),(133,41),(139,41),(160,41),(165,41),(170,41),(171,41),(172,41),(173,41),(174,41),(175,41),(176,41),(179,41),(182,41),(184,41),(188,41),(189,41),(190,41),(193,41),(196,41),(198,41),(202,41),(205,41),(206,41),(208,41),(217,41),(218,41),(222,41),(223,41),(225,41),(229,41),(230,41),(231,41),(232,41),(234,41),(235,41),(237,41),(241,41),(245,41),(251,41),(257,41),(259,41),(260,41),(261,41),(262,41),(275,41),(276,41),(290,41),(297,41),(318,41),(81,42),(109,42),(168,42),(314,42),(82,43),(83,44),(95,44),(108,44),(85,45),(87,46),(88,47),(89,48),(90,49),(307,49),(94,50),(269,50),(270,50),(294,50),(96,51),(132,51),(169,51),(99,52),(102,53),(89,54),(103,55),(104,56),(116,56),(127,56),(153,56),(166,56),(178,56),(313,56),(105,57),(250,57),(106,58),(111,59),(113,60),(158,60),(114,61),(117,62),(147,62),(118,63),(120,64),(264,64),(299,64),(300,64),(122,65),(327,65),(124,66),(135,67),(136,68),(155,68),(256,68),(138,69),(140,70),(142,71),(162,71),(148,72),(149,73),(150,74),(288,74),(152,75),(163,75),(253,75),(320,75),(154,76),(156,77),(183,78),(185,79),(186,80),(191,81),(194,82),(195,83),(199,84),(227,84),(265,84),(311,84),(120,85),(207,86),(209,87),(334,87),(213,88),(215,89),(216,90),(221,91),(228,92),(233,93),(236,94),(239,95),(240,96),(244,97),(246,98),(248,99),(249,100),(255,101),(266,102),(286,102),(295,102),(267,103),(268,104),(271,105),(273,106),(279,107),(296,107),(326,107),(280,108),(317,109),(330,110),(333,111);
/*!40000 ALTER TABLE `laptop_has_hardware` ENABLE KEYS */;
UNLOCK TABLES;

--
-- Table structure for table `porttype`
--

DROP TABLE IF EXISTS `porttype`;
/*!40101 SET @saved_cs_client     = @@character_set_client */;
/*!50503 SET character_set_client = utf8mb4 */;
CREATE TABLE `porttype` (
  `idPort` int NOT NULL,
  `portType` varchar(45) NOT NULL,
  PRIMARY KEY (`idPort`)
) ENGINE=InnoDB DEFAULT CHARSET=utf8;
/*!40101 SET character_set_client = @saved_cs_client */;

--
-- Dumping data for table `porttype`
--

LOCK TABLES `porttype` WRITE;
/*!40000 ALTER TABLE `porttype` DISABLE KEYS */;
INSERT INTO `porttype` VALUES (1,'USB2.0'),(2,'USB3.0'),(3,'HDMI'),(4,'Audio-out'),(5,'Ethernet');
/*!40000 ALTER TABLE `porttype` ENABLE KEYS */;
UNLOCK TABLES;

--
-- Table structure for table `processor`
--

DROP TABLE IF EXISTS `processor`;
/*!40101 SET @saved_cs_client     = @@character_set_client */;
/*!50503 SET character_set_client = utf8mb4 */;
CREATE TABLE `processor` (
  `idProcessor` int NOT NULL,
  `processorBrand` varchar(255) DEFAULT NULL,
  `processorType` varchar(255) DEFAULT NULL,
  `processorSpeed` decimal(10,0) DEFAULT NULL,
  `processorCount` int DEFAULT NULL,
  PRIMARY KEY (`idProcessor`)
) ENGINE=InnoDB DEFAULT CHARSET=utf8;
/*!40101 SET character_set_client = @saved_cs_client */;

--
-- Dumping data for table `processor`
--

LOCK TABLES `processor` WRITE;
/*!40000 ALTER TABLE `processor` DISABLE KEYS */;
INSERT INTO `processor` VALUES (1,'AMD','AMDA4',2,1),(2,'AMD','RSeries',3,1),(3,'Intel','Corei3',2,NULL),(4,'AMD','AMDA4',2,1),(5,'AMD','ASeries',3,2),(6,'AMD','AMDA6',2,2),(7,'AMD','ASeries',2,NULL),(8,'AMD','AMDA6',3,NULL),(9,'Intel','Corei5',NULL,4),(10,'Intel','Corei3',2,2),(11,'Intel','Corei5',2,NULL),(12,'AMD','RSeries',NULL,4),(13,'Intel','Corei7',2,4),(14,'Intel','Celeron',1,4),(15,'Intel','Corei3',NULL,2),(16,'Intel','Corei3',2,NULL),(17,'Intel','Corei3',2,NULL),(18,'Intel','Pentium',NULL,NULL),(19,'Intel','Corei3',NULL,NULL),(20,'Intel','Corei5',NULL,NULL),(21,'AMD','RSeries',3,NULL),(22,'Intel','Corei5',4,4),(23,'Intel','Corei58250U',2,4),(24,'Intel','Corei5',2,8),(25,'Intel','Corei3',4,2),(26,'Ryzen53550H','',4,4),(27,'Intel','Corei3',2,2),(28,'Intel','Corei5',2,4),(29,'Intel','Corei3',1,NULL),(30,'Intel','Corei5',1,2),(31,'Intel','Corei38130U',2,NULL),(32,'AMD','AMDA6',3,1),(33,'AMD','A-Series',3,4),(34,'Intel','Corei3',2,1),(35,'Intel','PentiumOther',1,4),(36,'Intel','Corei38130U',2,4),(37,'Intel','Corei9',3,6),(38,'AMD','ASeries',3,4),(39,'Intel','Celeron',2,2),(40,'AMD','A-Series',3,4),(41,'Intel','Corei3Family',2,2),(42,'Intel','Corei5',1,4),(43,'Intel','Corei5',2,4),(44,'Intel','Corei38130U',NULL,NULL),(45,'AMD','ASeries',NULL,NULL),(46,'Intel','Corei37100U',2,2),(47,'AMD','RSeries',NULL,NULL),(48,'Intel','Corei76600U',3,2),(49,'Intel','Corei5',1,NULL),(50,'Intel','Corei56600',NULL,1),(51,'Intel','Corei3-2120',4,2),(52,'Intel','Corei7',NULL,NULL),(53,'Intel','Pentium',2,1),(54,'Intel','Corei5',2,2),(55,'Intel','Corei7',2,NULL),(56,'Intel','Corei3',2,1),(57,'Intel','Corei3',NULL,1),(58,'AMD','Corei3-2120',NULL,1),(59,'AMD','RSeries',2,NULL),(60,'Intel','Corei5-2400',NULL,4),(61,'AMD','RSeries',2,4),(62,'Intel','Corei7',3,6),(63,'Intel','Corei7',3,NULL),(64,'AMD','RSeries',3,2),(65,'AMD','RSeries',2,4),(66,'Intel','Corei37100U',2,1),(67,'Intel','Corei3',4,NULL),(68,'Intel','Corei3-2120',2,4),(69,'Intel','Corei7',4,NULL),(70,'AMD','Ryzen32200U',3,2),(71,'Intel','Pentium',2,2),(72,'AMD','AtomZ8700',2,2),(73,'Intel','Atom230',2,4),(74,'Intel','Corei3-6320',NULL,4),(75,'AMD','ASeries',2,1),(76,'Intel','Corei5',2,NULL),(77,'Intel','Corei5',2,NULL),(78,' Microsoft','ARM610',NULL,NULL),(79,'Intel','Corei5',3,1),(80,'','',NULL,NULL),(81,'Intel','Corei78550U',NULL,NULL),(82,'AMD','RSeries',2,2),(83,'Intel','CeleronN3350',NULL,NULL),(84,'Intel','Corei58250U',NULL,NULL),(85,'Intel','IntelCorei7',5,6),(86,'Intel','Corei52450M',NULL,4),(87,'AMD','RSeries',NULL,1),(88,'Intel','Corei3',4,4),(89,'Intel','Corei3',2,1),(90,'Intel','Corei53320M',3,1),(91,'Core_i3','Corei3',4,2),(92,'Intel','Corei78750H',NULL,NULL),(93,'AMD','RSeries',3,2),(94,'Intel','Corei5',3,8529),(95,'Intel','Corei5',3,NULL),(96,'Intel','Corei56600',1,1),(97,'Intel','Corei38130U',2,2),(98,'Intel','Corei5',1,4),(99,'','Corei3',2,2),(100,'Intel','Corei7',5,6),(101,'Intel','Corei5',1,NULL),(102,'Intel','Corei58250U',3,4),(103,'AMD','RSeries',2,1),(104,'AMD','RSeries',2,4),(105,'Intel','Corei5',1,4),(106,'Intel','Corei57200U',3,2),(107,'Intel','Corei7',2,1),(108,'Intel','Corei77Y75',2,4),(109,'Core_i3','Corei3',2,NULL),(110,'Intel','Corei3',2,2),(111,'Intel','Corei3',2,NULL),(112,'Intel','Corei9',2,8),(113,'Intel','Corei3',2,1),(114,'AMD','RSeries',2,1),(115,'Intel','CeleronP4500',1,2),(116,'AMD','ASeries',3,2),(117,'AMD','RSeries',2,1),(118,'Intel','Corei9',2,NULL),(119,'Intel','Corei5',3,NULL),(120,'Intel','Corei9',NULL,NULL),(121,'Intel','',NULL,NULL),(122,'Intel','CeleronN',2,2),(123,'Intel','Atom230',2,NULL),(124,'Intel','Pentium',NULL,2),(125,'Intel','Corei5',4,NULL),(126,'AMD','RSeries',4,NULL),(127,'Intel','Celeron',1,NULL),(128,'AMD','RSeries',4,1),(129,'','',NULL,1),(130,'Intel','Corei5',2,1),(131,'Intel','Corei3',2,4),(132,'Intel','Pentium',3,4),(133,'Intel','Corei5',4,4),(134,'Intel','Corei56200U',2,2);
/*!40000 ALTER TABLE `processor` ENABLE KEYS */;
UNLOCK TABLES;

--
-- Table structure for table `storage`
--

DROP TABLE IF EXISTS `storage`;
/*!40101 SET @saved_cs_client     = @@character_set_client */;
/*!50503 SET character_set_client = utf8mb4 */;
CREATE TABLE `storage` (
  `idStorage` int NOT NULL,
  `computerMemoryType` varchar(255) DEFAULT NULL,
  `ramSize` int DEFAULT NULL,
  `memoryTechnology` varchar(255) DEFAULT NULL,
  `hardDriveSize` int DEFAULT NULL,
  `hardDiskTechnology` varchar(255) DEFAULT NULL,
  `hardDriveInterface` varchar(255) DEFAULT NULL,
  PRIMARY KEY (`idStorage`)
) ENGINE=InnoDB DEFAULT CHARSET=utf8;
/*!40101 SET character_set_client = @saved_cs_client */;

--
-- Dumping data for table `storage`
--

LOCK TABLES `storage` WRITE;
/*!40000 ALTER TABLE `storage` DISABLE KEYS */;
INSERT INTO `storage` VALUES (1,'GDDR4',4,'DDR4',1024,'MechanicalHardDrive','SolidState'),(2,'DDRDRAM',4,'DDR4',1024,'MechanicalHardDrive','SerialATA'),(3,'',4,'DDR4',1024,'MechanicalHardDrive',''),(4,'GDDR4',4,'',1024,'MechanicalHardDrive','SerialATA'),(5,'DDR4SDRAM',4,'DDR4',1024,'MechanicalHardDrive','SerialATA'),(6,'',4,'DDR4',256,'FlashMemorySolidState',''),(7,'',8,'',256,'FlashMemorySolidState','SolidState'),(8,'',4,'',1024,'MechanicalHardDrive',''),(9,'',8,'DDR4',512,'FlashMemorySolidState',''),(10,'',8,'DDR4',1024,'MechanicalHardDrive',''),(11,'',16,'',512,'FlashMemorySolidState',''),(12,'DDR4SDRAM',4,'LPDD4',64,'FlashMemorySolidState','SolidState'),(13,'',4,'',256,'FlashMemorySolidState',''),(14,'',8,'',256,'FlashMemorySolidState',''),(15,'',8,'DDR4',256,'FlashMemorySolidState',''),(16,'',8,'',1024,'MechanicalHardDrive',''),(17,'',8,'LPDDR3',128,'FlashMemorySolidState',''),(18,'DDR4SDRAM',8,'DDR4',1024,'MechanicalHardDrive','SolidState'),(19,'',4,'DDR4',1024,'MechanicalHardDrive','SerialATA'),(20,'',8,'',1024,'MechanicalHardDrive','SerialATA'),(21,'DDR4SDRAM',8,'DDR4',512,'FlashMemorySolidState',''),(22,'',4,'8,DDR4,2666MHz',1024,'MechanicalHardDrive','eSATA'),(23,'',8,'',1024,'HybridDrive','eSATA'),(24,'DDR4SDRAM',4,'',1024,'MechanicalHardDrive','SerialATA'),(25,'',4,'DDR4',512,'FlashMemorySolidState','SerialATA'),(26,'DDR4SDRAM',4,'DDR4',1024,'MechanicalHardDrive','eSATA'),(27,'',64,'DDR4',2048,'HybridDrive','SerialATA'),(28,'DDR4SDRAM',4,'DDR4',256,'FlashMemorySolidState',''),(29,'DDR3SDRAM',2,'DDR3',500,'MechanicalHardDrive','SerialATA'),(30,'DDR4SDRAM',8,'DDR4',512,'FlashMemorySolidState','eSATA'),(31,'',8,'',512,'FlashMemorySolidState',''),(32,'',NULL,'DDR4',1024,'MechanicalHardDrive',''),(33,'SODIMM',8,'',256,'SolidStateHardDrive','SolidState'),(34,'',4,'DDR4',512,'FlashMemorySolidState','SolidState'),(35,'',8,'DDR4',1024,'HybridDrive',''),(36,'DDR4SDRAM',8,'DDR4',1024,'MechanicalHardDrive',''),(37,'',16,'',512,'SSD','eSATA'),(38,'',NULL,'DDR4',NULL,'FlashMemorySolidState',''),(39,'',8,'DDR4',1024,'MechanicalHardDrive','SerialATA'),(40,'',16,'DDR4',1024,'HybridDrive',''),(41,'DDR4SDRAM',4,'DDR4',256,'FlashMemorySolidState','SolidState'),(42,'',8,'DDR4',1024,'HybridDrive','SerialATA'),(43,'',4,'DDR4',1024,'HybridDrive',''),(44,'',8,'DDR43200MHz',1024,'HybridDrive',''),(45,'',8,'',1024,'HybridDrive',''),(46,'',16,'DDR4',512,'FlashMemorySolidState',''),(47,'',8,'DDR43200MHz',512,'FlashMemorySolidState',''),(48,'',32,'DDR4',1000,'MechanicalHardDrive',''),(49,'',4,'',1024,'MechanicalHardDrive','SerialATA'),(50,'',8,'DDR4',512,'SSD','SolidState'),(51,'',8,'DDR4',1024,'FlashMemorySolidState',''),(52,'',16,'DDR4',1024,'MechanicalHardDrive',''),(53,'DDR4SDRAM',8,'2400MHzDDR4',512,'FlashMemorySolidState','SolidState'),(54,'',8,'2666MHzDDR4',512,'FlashMemorySolidState',''),(55,'DDR3L-1600SDRAM',8,'DDR3L-1600SDRAM',1024,'MechanicalHardDrive','SerialATA-600'),(56,'DDR4SDRAM',4,'',1024,'HDD5400rpm','eSATA'),(57,'',8,'DDR3',512,'FlashMemorySolidState',''),(58,'',16,'DDR4X',512,'FlashMemorySolidState',''),(59,'',16,'DDR4',1024,'FlashMemorySolidState',''),(60,'',4,'',1024,'MechanicalHardDrive','eSATA'),(61,'DDR3SDRAM',2,'DDR3',500,'HybridDrive',''),(62,'',4,'DDR4',1024,'MechanicalHardDrive','eSATA'),(63,'DDR3SDRAM',4,'DDR4',1024,'MechanicalHardDrive','eSATA'),(64,'',8,'DDR4',256,'mechanicalharddrive',''),(65,'',4,'DDR3',240,'FlashMemorySolidState',''),(66,'',8,'LPDDR4X',128,'FlashMemorySolidState',''),(67,'',8,'',32,'FlashMemorySolidState',''),(68,'DDR3SDRAM',8,'',1024,'Mechanicalharddrive','eSATA'),(69,'DDR3SDRAM',2,'',NULL,'',''),(70,'',8,'DDR4',128,'Solid_state_drive',''),(71,'',8,'DDR4',512,'FlashMemorySolidState','SolidState'),(72,'',4,'DDR3',64,'MechanicalHardDrive',''),(73,'',8,'DDR4',2048,'Mechanical_hard_drive',''),(74,'',8,'DDR4X',512,'FlashMemorySolidState',''),(75,'',4,'2400MHzDDR4',512,'FlashMemorySolidState','SolidState'),(76,'',8,'',1024,'FlashMemorySolidState',''),(77,'DDR4SDRAM',48,'DDR4',2048,'FlashMemorySolidState','SolidState'),(78,'DDR4SDRAM',8,'DDR4',512,'FlashMemorySolidState','PCIEx16'),(79,'',NULL,'',NULL,'',''),(80,'DDR4SDRAM',4,'DDR4',1024,'MechanicalHardDrive',''),(81,'',8,'2133MHzLPDDR3',512,'FlashMemorySolidState',''),(82,'GDDR4',4,'DDR4',1024,'MechanicalHardDrive','SerialATA'),(83,'DDR3SDRAM',8,'',240,'Solid_state_drive','eSATA'),(84,'',4,'',1024,'Mechanical_hard_drive',''),(85,'DDR3SDRAM',8,'DDR4',256,'SolidState','SerialATA'),(86,'',8,'DDR3',240,'FlashMemorySolidState',''),(87,'',4,'DDR3',320,'mechanicalharddrive',''),(88,'DDR4SDRAM',8,'DDR4',512,'SSD',''),(89,'DDR4SDRAM',8,'',1024,'MechanicalHardDrive','eSATA'),(90,'',8,'LPDDR4',128,'SSD','SolidState'),(91,'',4,'',NULL,'HDD',''),(92,'DDRDRAM',16,'',512,'FlashMemorySolidState','SerialATA'),(93,'DDR4SDRAM',8,'DDR4',1024,'MechanicalHardDrive','eSATA'),(94,'',32,'',32,'FlashMemorySolidState',''),(95,'GDDR5',8,'',1024,'MechanicalHardDrive','eSATA'),(96,'DDR4SDRAM',8,'DDR4',1024,'MechanicalHardDrive','SerialATA'),(97,'DDRDRAM',8,'DDR4',512,'FlashMemorySolidState','SerialATA'),(98,'DDR4SDRAM',4,'DDR4',1024,'HDD','eSATA'),(99,'DDR4SDRAM',4,'DDR4',128,'SSD','SolidState'),(100,'DDR4SDRAM',6,'DDR4',2048,'Hybrid(2TBHDD+256SSD)','SerialATA'),(101,'DDRDRAM',8,'2400MHzDDR4',512,'FlashMemorySolidState','SerialATA'),(102,'GDDR5',8192,'DDR4',512,'SSD','SerialATA'),(103,'',4,'',1024,'',''),(104,'GDDR3',4,'DDR3',NULL,'SATA',''),(105,'',8,'LPDDR3',512,'FlashMemorySolidState',''),(106,'GDDR4',4,'',1024,'MechanicalHardDrive','eSATA'),(107,'DDR4SDRAM',4,'DDR4',1024,'SerialATA','eSATA'),(108,'',8,'DDR4',128,'FlashMemorySolidState',''),(109,'',32,'DDR4',1024,'HybridDrive',''),(110,'',16,'2400MHzDDR4',512,'FlashMemorySolidState','SolidState'),(111,'72-PinEDOSIMMMemory',1,'DDR4',1024,'MechanicalHardDrive','eSATA'),(112,'DDR4SDRAM',8,'DDR4',1024,'HybridDrive','eSATA'),(113,'',8,'DDR4',1024,'SerialATA',''),(114,'',16,'',1024,'FlashMemorySolidState',''),(115,'',8,'',NULL,'',''),(116,'',2,'DDR3',32,'FlashMemorySolidState',''),(117,'GDDR3',8,'DDR4',1024,'SerialATA','eSATA'),(118,'',NULL,'DDR4',1024,'HybridDrive',''),(119,'',2,'DDR4',500,'eSATA',''),(120,'DDR3SDRAM',3,'DDR3',500,'HybridDrive',''),(121,'DDRDRAM',4,'DDR4',256,'FlashMemorySolidState','SerialATA'),(122,'DDR3SDRAM',512,'',NULL,'',''),(123,'',4,'DDR4',1024,'HybridDrive','SerialATA'),(124,'',4,'DDR4',1024,'FlashMemorySolidState',''),(125,'SODIMM',8,'',512,'SolidStateHardDrive','SolidState'),(126,'',8,'DDR4',NULL,'FlashMemorySolidState',''),(127,'DDR3SDRAM',3,'DDR3',32,'FlashMemorySolidState',''),(128,'',4,'DDR4',512,'FlashMemorySolidState',''),(129,'SODIMM',8,'',256,'SolidStateHardDrive','ATA'),(130,'DDR4SDRAM',8,'',1024,'HybridDrive','eSATA');
/*!40000 ALTER TABLE `storage` ENABLE KEYS */;
UNLOCK TABLES;

--
-- Table structure for table `wirelesstype`
--

DROP TABLE IF EXISTS `wirelesstype`;
/*!40101 SET @saved_cs_client     = @@character_set_client */;
/*!50503 SET character_set_client = utf8mb4 */;
CREATE TABLE `wirelesstype` (
  `idWirelessType` int NOT NULL,
  `wirelessTypeName` varchar(45) DEFAULT NULL,
  PRIMARY KEY (`idWirelessType`)
) ENGINE=InnoDB DEFAULT CHARSET=utf8;
/*!40101 SET character_set_client = @saved_cs_client */;

--
-- Dumping data for table `wirelesstype`
--

LOCK TABLES `wirelesstype` WRITE;
/*!40000 ALTER TABLE `wirelesstype` DISABLE KEYS */;
INSERT INTO `wirelesstype` VALUES (1,'802,11a'),(2,'802,11b'),(3,'802,11g'),(4,'802,11n'),(5,'802,11ac'),(6,'802,11ax');
/*!40000 ALTER TABLE `wirelesstype` ENABLE KEYS */;
UNLOCK TABLES;

--
-- Final view structure for view `findingwirelesstype`
--

/*!50001 DROP VIEW IF EXISTS `findingwirelesstype`*/;
/*!50001 SET @saved_cs_client          = @@character_set_client */;
/*!50001 SET @saved_cs_results         = @@character_set_results */;
/*!50001 SET @saved_col_connection     = @@collation_connection */;
/*!50001 SET character_set_client      = utf8mb4 */;
/*!50001 SET character_set_results     = utf8mb4 */;
/*!50001 SET collation_connection      = utf8mb4_0900_ai_ci */;
/*!50001 CREATE ALGORITHM=UNDEFINED */
/*!50013 DEFINER=`root`@`localhost` SQL SECURITY DEFINER */
/*!50001 VIEW `findingwirelesstype` AS select `lhh`.`Laptop_idLaptop` AS `Laptop_idLaptop`,`wt`.`wirelessTypeName` AS `name` from (((`laptop` `l` join `laptop_has_hardware` `lhh` on((`l`.`idLaptop` = `lhh`.`Laptop_idLaptop`))) join `hardware_has_wirelesstype` `hhw` on((`lhh`.`Hardware_idHardware` = `hhw`.`Hardware_idHardware`))) join `wirelesstype` `wt` on((`wt`.`idWirelessType` = `hhw`.`wirelessType_id`))) */;
/*!50001 SET character_set_client      = @saved_cs_client */;
/*!50001 SET character_set_results     = @saved_cs_results */;
/*!50001 SET collation_connection      = @saved_col_connection */;
/*!40103 SET TIME_ZONE=@OLD_TIME_ZONE */;

/*!40101 SET SQL_MODE=@OLD_SQL_MODE */;
/*!40014 SET FOREIGN_KEY_CHECKS=@OLD_FOREIGN_KEY_CHECKS */;
/*!40014 SET UNIQUE_CHECKS=@OLD_UNIQUE_CHECKS */;
/*!40101 SET CHARACTER_SET_CLIENT=@OLD_CHARACTER_SET_CLIENT */;
/*!40101 SET CHARACTER_SET_RESULTS=@OLD_CHARACTER_SET_RESULTS */;
/*!40101 SET COLLATION_CONNECTION=@OLD_COLLATION_CONNECTION */;
/*!40111 SET SQL_NOTES=@OLD_SQL_NOTES */;

-- Dump completed on 2021-01-27 15:06:26
